Mutations	Mutation_type	VHL_type	Disease	Pubmed_ID
["p.A50G", "p.V74A"]	["Missense", "Missense"]		[{"Effect": "Renal Cell Carcinoma", Site: "Kidney"}]	["15932632"]
["p.L188V", "p.R200W"]	["Missense", "Missense"]		[{"Effect": "Polycythemia"}]	["12393546"]
["p.P95R", "p.E51Q"]	["Missense", "Missense"]		[{"Effect": "Renal Cell Carcinoma", Site: "Kidney"}]	["15932632"]
["p.P97P", "p.G39S"]	["Missense", "Missense"]		[{"Effect": "Renal Cell Carcinoma", Site: "Kidney"}]	["15932632"]
["p.G49C", "p.P40S"]	["Missense", "Missense"]		[{"Effect": "Renal Cell Carcinoma", Site: "Kidney"}]	["15932632"]
["p.R200W", "p.L188V"]	["Missense", "Missense"]		[{"Effect": "Polycythemia"}]	["12393546"]
["p.E51Q", "p.P95R"]	["Missense", "Missense"]		[{"Effect": "Renal Cell Carcinoma", Site: "Kidney"}]	["15932632"]
["p.V74A", "p.A50G"]	["Missense", "Missense"]		[{"Effect": "Renal Cell Carcinoma", Site: "Kidney"}]	["15932632"]
["p.R200W", "p.L188V"]	["Missense", "Missense"]		[{"Effect": "Polycythemia"}]	["12393546"]
["p.V130L", "p.R200W"]	["Missense", "Missense"]		[{"Effect": "Polycythemia"}]	["12844285"]
["p.P192S", "p.R200W"]	["Missense", "Missense"]		[{"Effect": "Polycythemia"}]	["12393546"]
["p.V194V", "p.R167Q"]	["Missense", "Missense"]		[{"Effect": "Renal Cell Carcinoma", Site: "Kidney"}]	["10340905"]
["p.R200W", "p.P192S"]	["Missense", "Missense"]		[{"Effect": "Polycythemia"}]	["12393546"]
["p.P61P", "p.E41V"]	["Missense", "Missense"]		[{"Effect": "Renal Cell Carcinoma", Site: "Kidney"}]	["15932632"]
["p.P45P", "p.E37K"]	["Missense", "Missense"]		[{"Effect": "Renal Cell Carcinoma", Site: "Kidney"}]	["10454237"]
["p.R182K", "p.Asp178A"]	["Missense", "Missense"]		[{"Effect": "Carcinoma", Site: "Colorectal"}]	["14965365"]
["p.P40S", "p.G49C"]	["Missense", "Missense"]		[{"Effect": "Renal Cell Carcinoma", Site: "Kidney"}]	["15932632"]
["p.E37K", "p.P45P"]	["Missense", "Missense"]		[{"Effect": "Renal Cell Carcinoma", Site: "Kidney"}]	["10454237"]
["p.Asp178A", "p.R182K"]	["Missense", "Missense"]		[{"Effect": "Carcinoma", Site: "Colorectal"}]	["14965365"]
["p.R79C", "p.L188V"]	["Missense", "Missense"]			["15642680"]
["p.L188V", "p.P81S"]	["Missense", "Missense"]	1		["9829911"]
["p.E204Asp", "p.D179N"]	["Missense", "Missense"]		[{"Effect": "Carcinoma", Site: "Colorectal"}]	["14965365"]
["p.G39S", "p.P97P"]	["Missense", "Missense"]		[{"Effect": "Renal Cell Carcinoma", Site: "Kidney"}]	["15932632"]
["p.L188V", "p.R200W"]	["Missense", "Missense"]		[{"Effect": "Polycythemia"}]	["12393546"]
["p.R200W", "p.V130L"]	["Missense", "Missense"]		[{"Effect": "Polycythemia"}]	["12844285"]
["p.P95R", "p.E51Q"]	["Missense", "Missense"]		[{"Effect": "Renal Cell Carcinoma", Site: "Kidney"}]	["15932632"]
["p.L188V", "p.R79C"]	["Missense", "Missense"]			["15642680"]
["p.S68Thr", "p.S68X"]	["Missense", "Nonsense"]		[{"Effect": "Renal Cell Carcinoma", Site: "Kidney"}]	["15932632"]
["p.L188V", "p.P81S"]	["Missense", "Missense"]	2C		["12414898"]
["p.P81S", "p.L188V"]	["Missense", "Missense"]	1		["9829911"]
["p.E41V", "p.P61P"]	["Missense", "Missense"]		[{"Effect": "Renal Cell Carcinoma", Site: "Kidney"}]	["15932632"]
["p.P81S", "p.L188V"]	["Missense", "Missense"]	2C		["12414898"]
