Mutation;Molecule;Mutation_type;1;2;2A;2B;2C
p.A11T;Protein;Missense;0;0;0;0;0
p.A122E;Protein;Missense;0;0;0;0;0
p.A122I;Protein;Missense;0;0;0;0;0
p.A149D;Protein;Missense;0;0;0;0;0
p.A149P;Protein;Missense;0;0;0;0;0
p.A149S;Protein;Missense;0;0;0;1;0
p.A149T;Protein;Missense;0;1;0;0;0
p.A18T;Protein;Missense;0;0;0;0;0
p.A207T;Protein;Missense;0;0;0;0;0
p.A207V;Protein;Missense;0;0;0;0;0
p.A32V;Protein;Missense;0;0;0;0;0
p.A35S;Protein;Missense;0;0;0;0;0
p.A50G;Protein;Missense;0;0;0;0;0
p.A50P;Protein;Missense;0;0;0;0;0
p.A50T;Protein;Missense;0;0;0;0;0
p.A50V;Protein;Missense;0;0;0;0;0
p.C162F;Protein;Missense;1;0;0;0;0
p.C162R;Protein;Missense;1;0;0;0;0
p.C162W;Protein;Missense;1;1;0;1;0
p.C162Y;Protein;Missense;1;1;0;1;0
p.C77S;Protein;Missense;0;0;0;0;0
p.D121D;Protein;Missense;0;0;0;0;0
p.D121E;Protein;Missense;0;0;0;0;0
p.D121G;Protein;Missense;1;0;0;0;0
p.D121N;Protein;Missense;0;0;0;0;0
p.D121V;Protein;Missense;0;0;0;0;0
p.D121Y;Protein;Missense;0;0;0;0;0
p.D126G;Protein;Missense;0;0;0;0;0
p.D126N;Protein;Missense;0;0;0;0;0
p.D126Y;Protein;Missense;0;0;0;0;0
p.D143E;Protein;Missense;0;0;0;0;0
p.D143N;Protein;Missense;0;0;0;0;0
p.D179A;Protein;Missense;0;0;0;0;0
p.D179N;Protein;Missense;0;0;0;0;0
p.D187N;Protein;Missense;0;0;0;0;0
p.D187V;Protein;Missense;0;0;0;0;0
p.D197N;Protein;Missense;0;0;0;0;1
p.D28G;Protein;Missense;0;0;0;0;0
p.D28N;Protein;Missense;0;0;0;0;0
p.D28V;Protein;Missense;0;0;0;0;0
p.D67S;Protein;Missense;0;0;0;0;0
p.D92G;Protein;Missense;0;0;0;0;0
p.D92N;Protein;Missense;0;0;0;0;0
p.D92Y;Protein;Missense;0;0;0;0;0
p.D9N;Protein;Missense;0;0;0;0;0
p.E10G;Protein;Missense;0;0;0;0;0
p.E10K;Protein;Missense;0;0;0;0;0
p.E12D;Protein;Missense;0;0;0;0;0
p.E12K;Protein;Missense;0;0;0;0;0
p.E134A;Protein;Missense;0;0;0;0;0
p.E160K;Protein;Missense;0;0;0;0;0
p.E160V;Protein;Missense;0;0;0;0;0
p.E186K;Protein;Missense;1;0;0;0;0
p.E189K;Protein;Missense;0;0;0;0;0
p.E189V;Protein;Missense;0;0;0;0;0
p.E199G;Protein;Missense;0;0;0;0;0
p.E204D;Protein;Missense;0;0;0;0;0
p.E204G;Protein;Missense;0;0;0;0;0
p.E204K;Protein;Missense;0;0;0;0;0
p.E22K;Protein;Missense;0;0;0;0;0
p.E26G;Protein;Missense;0;0;0;0;0
p.E26K;Protein;Missense;0;0;0;0;0
p.E27E;Protein;Missense;0;0;0;0;0
p.E31G;Protein;Missense;0;0;0;0;0
p.E36E;Protein;Missense;0;0;0;0;0
p.E37K;Protein;Missense;0;0;0;0;0
p.E41K;Protein;Missense;0;0;0;0;0
p.E41V;Protein;Missense;0;0;0;0;0
p.E42K;Protein;Missense;0;0;0;0;0
p.E42V;Protein;Missense;0;0;0;0;0
p.E47K;Protein;Missense;0;0;0;0;0
p.E47N;Protein;Missense;0;0;0;0;0
p.E51Q;Protein;Missense;0;0;0;0;0
p.E52K;Protein;Missense;1;0;0;0;0
p.E55E;Protein;Missense;1;0;0;0;0
p.E70K;Protein;Missense;1;0;0;0;0
p.E70L;Protein;Missense;1;0;0;0;0
p.E94K;Protein;Missense;0;0;0;0;0
p.F119L;Protein;Missense;0;1;0;0;0
p.F119S;Protein;Missense;0;0;0;0;0
p.F136C;Protein;Missense;0;1;0;0;0
p.F136I;Protein;Missense;0;0;0;0;0
p.F136L;Protein;Missense;0;0;0;0;0
p.F136S;Protein;Missense;1;0;0;0;0
p.F136V;Protein;Missense;0;0;0;0;0
p.F136Y;Protein;Missense;0;0;0;0;0
p.F148S;Protein;Missense;0;0;0;0;0
p.F76I;Protein;Missense;1;0;0;0;0
p.F76L;Protein;Missense;0;0;0;0;0
p.F76S;Protein;Missense;1;0;0;0;0
p.F76Y;Protein;Missense;0;0;0;0;0
p.F91L;Protein;Missense;0;0;0;0;0
p.G104A;Protein;Missense;0;0;0;0;0
p.G104G;Protein;Missense;0;0;0;0;0
p.G106A;Protein;Missense;0;0;0;0;0
p.G106D;Protein;Missense;0;0;0;0;0
p.G106V;Protein;Missense;0;0;0;0;0
p.G114A;Protein;Missense;0;0;0;0;0
p.G114C;Protein;Missense;1;1;0;0;0
p.G114D;Protein;Missense;0;0;0;0;0
p.G114R;Protein;Missense;0;1;0;1;0
p.G114S;Protein;Missense;0;0;0;0;0
p.G114V;Protein;Missense;0;0;0;0;0
p.G123E;Protein;Missense;0;0;0;0;0
p.G127V;Protein;Missense;0;0;0;0;0
p.G144A;Protein;Missense;0;0;0;0;0
p.G144D;Protein;Missense;0;0;0;0;0
p.G144E;Protein;Missense;0;0;0;0;0
p.G144Q;Protein;Missense;0;0;0;0;0
p.G144R;Protein;Missense;0;0;0;0;0
p.G14D;Protein;Missense;0;0;0;0;0
p.G212E;Protein;Missense;0;0;0;0;0
p.G29C;Protein;Missense;0;0;0;0;0
p.G29D;Protein;Missense;0;0;0;0;0
p.G34C;Protein;Missense;0;0;0;0;0
p.G39D;Protein;Missense;0;0;0;0;0
p.G39S;Protein;Missense;0;0;0;0;0
p.G44D;Protein;Missense;0;0;0;0;0
p.G49C;Protein;Missense;0;0;0;0;0
p.G49D;Protein;Missense;0;0;0;0;0
p.G57E;Protein;Missense;0;0;0;0;0
p.G93C;Protein;Missense;0;1;0;0;0
p.G93D;Protein;Missense;1;1;0;0;0
p.G93E;Protein;Missense;0;0;0;0;0
p.G93F;Protein;Missense;0;0;0;0;0
p.G93R;Protein;Missense;0;0;0;0;0
p.G93S;Protein;Missense;1;1;0;0;1
p.G93V;Protein;Missense;0;1;0;0;0
p.H110N;Protein;Missense;0;0;0;0;0
p.H110P;Protein;Missense;0;0;0;0;0
p.H110Q;Protein;Missense;0;0;0;0;0
p.H110R;Protein;Missense;0;0;0;0;0
p.H110Y;Protein;Missense;0;0;0;0;0
p.H115D;Protein;Missense;0;0;0;0;0
p.H115L;Protein;Missense;0;0;0;0;0
p.H115N;Protein;Missense;0;0;0;0;0
p.H115P;Protein;Missense;0;0;0;0;0
p.H115Q;Protein;Missense;1;1;0;0;0
p.H115R;Protein;Missense;1;0;0;0;0
p.H115Y;Protein;Missense;1;0;0;0;0
p.H125L;Protein;Missense;0;0;0;0;0
p.H125P;Protein;Missense;0;0;0;0;1
p.H191D;Protein;Missense;0;0;0;0;0
p.H191Q;Protein;Missense;0;0;0;0;0
p.H208N;Protein;Missense;0;0;0;0;0
p.I109F;Protein;Missense;0;0;0;0;0
p.I109N;Protein;Missense;0;0;0;0;0
p.I109S;Protein;Missense;0;0;0;0;0
p.I147T;Protein;Missense;0;0;0;0;0
p.I151F;Protein;Missense;1;0;0;0;0
p.I151H;Protein;Missense;0;0;0;0;0
p.I151M;Protein;Missense;0;0;0;0;0
p.I151N;Protein;Missense;0;0;0;0;0
p.I151S;Protein;Missense;0;0;0;0;0
p.I151T;Protein;Missense;1;0;0;0;0
p.I180N;Protein;Missense;0;0;0;0;0
p.I180V;Protein;Missense;1;0;0;0;0
p.I75S;Protein;Missense;0;0;0;0;0
p.I75V;Protein;Missense;0;0;0;0;0
p.K159E;Protein;Missense;0;1;0;0;0
p.K159N;Protein;Missense;0;0;0;0;0
p.K171N;Protein;Missense;0;0;0;0;0
p.L101G;Protein;Missense;1;0;0;0;0
p.L101L;Protein;Missense;0;0;0;0;0
p.L101P;Protein;Missense;0;0;0;0;0
p.L101Q;Protein;Missense;0;0;0;0;0
p.L101R;Protein;Missense;1;0;0;0;0
p.L116V;Protein;Missense;0;0;0;0;0
p.L118H;Protein;Missense;0;0;0;0;0
p.L118P;Protein;Missense;1;1;0;0;0
p.L118R;Protein;Missense;0;1;0;0;0
p.L128F;Protein;Missense;0;1;0;0;0
p.L128H;Protein;Missense;0;0;0;0;0
p.L128I;Protein;Missense;0;0;0;0;0
p.L128P;Protein;Missense;0;0;0;0;0
p.L128R;Protein;Missense;0;0;0;0;0
p.L129M;Protein;Missense;0;0;0;0;0
p.L129P;Protein;Missense;0;0;0;0;0
p.L129V;Protein;Missense;0;0;0;0;0
p.L135F;Protein;Missense;0;0;0;0;0
p.L140F;Protein;Missense;0;0;0;0;0
p.L153P;Protein;Missense;0;0;0;0;0
p.L153Q;Protein;Missense;0;0;0;0;0
p.L153R;Protein;Missense;0;0;0;0;0
p.L158P;Protein;Missense;1;1;0;0;0
p.L158Q;Protein;Missense;0;0;0;0;0
p.L158R;Protein;Missense;0;0;0;0;0
p.L158V;Protein;Missense;1;0;0;1;0
p.L163F;Protein;Missense;0;0;0;0;0
p.L163H;Protein;Missense;1;0;0;0;0
p.L163P;Protein;Missense;0;0;0;0;0
p.L163R;Protein;Missense;0;0;0;0;0
p.L169P;Protein;Missense;0;0;0;0;0
p.L169Q;Protein;Missense;0;0;0;0;0
p.L178P;Protein;Missense;1;1;0;0;0
p.L178Q;Protein;Missense;0;1;1;0;0
p.L178R;Protein;Missense;1;0;0;0;0
p.L184H;Protein;Missense;0;0;0;0;0
p.L184P;Protein;Missense;1;0;0;0;0
p.L184R;Protein;Missense;1;0;0;0;0
p.L188P;Protein;Missense;1;1;0;0;0
p.L188Q;Protein;Missense;1;0;0;0;0
p.L188R;Protein;Missense;0;0;0;0;0
p.L188V;Protein;Missense;1;1;0;0;1
p.L198P;Protein;Missense;0;0;0;0;0
p.L198Q;Protein;Missense;0;1;0;0;0
p.L198R;Protein;Missense;0;1;0;0;0
p.L201P;Protein;Missense;0;0;0;0;0
p.L48V;Protein;Missense;0;0;0;0;0
p.L63P;Protein;Missense;0;0;0;0;0
p.L85P;Protein;Missense;0;0;0;0;0
p.L89H;Protein;Missense;0;0;0;0;0
p.L89P;Protein;Missense;1;0;0;0;0
p.L89R;Protein;Missense;0;0;0;0;0
p.M1I;Protein;Missense;0;0;0;0;0
p.M211I;Protein;Missense;0;0;0;0;0
p.M211V;Protein;Missense;0;0;0;0;0
p.N131I;Protein;Missense;0;0;0;0;0
p.N131K;Protein;Missense;0;1;1;0;0
p.N131S;Protein;Missense;0;1;0;0;0
p.N131T;Protein;Missense;1;0;0;0;0
p.N131Y;Protein;Missense;0;0;0;0;0
p.N141S;Protein;Missense;0;0;0;0;0
p.N150K;Protein;Missense;0;0;0;0;0
p.N174D;Protein;Missense;0;0;0;0;0
p.N193D;Protein;Missense;0;0;0;0;0
p.N193K;Protein;Missense;0;0;0;0;0
p.N67S;Protein;Missense;0;0;0;0;0
p.N78D;Protein;Missense;1;0;0;0;0
p.N78H;Protein;Missense;1;0;0;0;0
p.N78I;Protein;Missense;0;0;0;0;0
p.N78K;Protein;Missense;0;0;0;0;0
p.N78S;Protein;Missense;1;0;0;0;0
p.N78T;Protein;Missense;1;0;0;0;0
p.N78Y;Protein;Missense;0;0;0;0;0
p.N7D;Protein;Missense;0;0;0;0;0
p.N7I;Protein;Missense;0;0;0;0;0
p.N7T;Protein;Missense;0;0;0;0;0
p.N90I;Protein;Missense;1;0;0;0;0
p.N90Y;Protein;Missense;0;0;0;0;0
p.P102A;Protein;Missense;0;0;0;0;0
p.P102L;Protein;Missense;0;0;0;0;0
p.P102S;Protein;Missense;0;0;0;0;0
p.P103A;Protein;Missense;0;0;0;0;0
p.P138L;Protein;Missense;0;0;0;0;0
p.P138R;Protein;Missense;0;0;0;0;0
p.P138T;Protein;Missense;0;0;0;0;0
p.P146A;Protein;Missense;0;0;0;0;0
p.P146L;Protein;Missense;0;0;0;0;0
p.P154L;Protein;Missense;0;1;0;1;0
p.P172S;Protein;Missense;0;0;0;0;0
p.P172T;Protein;Missense;0;0;0;0;0
p.P192L;Protein;Missense;0;0;0;0;0
p.P192S;Protein;Missense;0;0;0;0;0
p.P192T;Protein;Missense;0;0;0;0;0
p.P25L;Protein;Missense;0;1;0;0;0
p.P25S;Protein;Missense;0;0;0;0;0
p.P2L;Protein;Missense;0;0;0;0;0
p.P40L;Protein;Missense;0;0;0;0;0
p.P40S;Protein;Missense;0;0;0;0;0
p.P45R;Protein;Missense;0;0;0;0;0
p.P59S;Protein;Missense;0;0;0;0;0
p.P61P;Protein;Missense;0;0;0;0;0
p.P71R;Protein;Missense;0;0;0;0;0
p.P71T;Protein;Missense;0;0;0;0;0
p.P81L;Protein;Missense;0;0;0;0;0
p.P81Q;Protein;Missense;0;0;0;0;0
p.P81S;Protein;Missense;1;0;0;0;1
p.P81T;Protein;Missense;0;0;0;0;0
p.P86A;Protein;Missense;1;0;0;0;0
p.P86H;Protein;Missense;0;0;0;0;0
p.P86L;Protein;Missense;1;0;0;0;0
p.P86R;Protein;Missense;1;0;0;0;0
p.P86S;Protein;Missense;1;0;1;1;0
p.P86T;Protein;Missense;0;0;0;0;0
p.P95L;Protein;Missense;0;0;0;0;0
p.P95R;Protein;Missense;0;0;0;0;0
p.P97L;Protein;Missense;0;0;0;0;0
p.P97S;Protein;Missense;0;0;0;0;0
p.P98H;Protein;Missense;0;0;0;0;0
p.P99L;Protein;Missense;0;0;0;0;0
p.Q132H;Protein;Missense;0;0;0;0;0
p.Q132P;Protein;Missense;0;0;0;0;0
p.Q145H;Protein;Missense;0;0;0;0;0
p.Q164H;Protein;Missense;0;0;0;0;0
p.Q164L;Protein;Missense;0;0;0;0;0
p.Q164P;Protein;Missense;0;0;0;0;0
p.Q164R;Protein;Missense;1;0;0;0;0
p.Q195R;Protein;Missense;0;0;0;0;0
p.Q73H;Protein;Missense;0;0;0;0;0
p.Q73K;Protein;Missense;0;0;0;0;0
p.Q96H;Protein;Missense;0;0;0;0;0
p.Q96P;Protein;Missense;1;0;0;0;0
p.R107C;Protein;Missense;0;0;0;0;0
p.R107G;Protein;Missense;0;1;0;0;0
p.R107H;Protein;Missense;0;0;0;0;0
p.R107P;Protein;Missense;1;0;0;0;0
p.R120G;Protein;Missense;0;0;0;0;0
p.R120S;Protein;Missense;0;0;0;0;0
p.R120T;Protein;Missense;0;0;0;0;1
p.R131S;Protein;Missense;0;1;0;0;0
p.R161G;Protein;Missense;0;1;0;1;0
p.R161L;Protein;Missense;0;0;0;0;0
p.R161P;Protein;Missense;1;1;0;0;0
p.R161Q;Protein;Missense;0;1;1;1;0
p.R167G;Protein;Missense;1;0;0;1;0
p.R167L;Protein;Missense;0;0;0;0;0
p.R167P;Protein;Missense;0;0;0;0;0
p.R167Q;Protein;Missense;1;1;1;1;0
p.R167W;Protein;Missense;1;1;1;1;1
p.R176K;Protein;Missense;0;0;0;0;0
p.R176W;Protein;Missense;0;0;0;0;0
p.R182K;Protein;Missense;0;0;0;0;0
p.R182M;Protein;Missense;0;0;0;0;0
p.R200W;Protein;Missense;1;0;0;0;0
p.R205C;Protein;Missense;0;0;0;0;0
p.R205H;Protein;Missense;0;0;0;0;0
p.R210W;Protein;Missense;0;0;0;0;0
p.R39G;Protein;Missense;0;0;0;0;0
p.R58W;Protein;Missense;0;0;0;0;0
p.R60W;Protein;Missense;0;0;0;0;0
p.R64P;Protein;Missense;0;0;0;0;0
p.R64S;Protein;Missense;0;0;0;0;0
p.R69C;Protein;Missense;0;0;0;0;0
p.R79G;Protein;Missense;0;0;0;0;0
p.R79H;Protein;Missense;0;0;0;0;0
p.R79P;Protein;Missense;0;0;0;0;0
p.R82C;Protein;Missense;0;0;0;0;0
p.R82G;Protein;Missense;0;0;0;0;0
p.R82L;Protein;Missense;0;0;0;0;0
p.R82P;Protein;Missense;0;0;0;1;0
p.R95Q;Protein;Missense;0;0;0;0;0
p.S111C;Protein;Missense;0;1;0;0;0
p.S111G;Protein;Missense;0;0;0;0;0
p.S111I;Protein;Missense;0;0;0;0;0
p.S111N;Protein;Missense;1;0;0;0;0
p.S111P;Protein;Missense;0;0;0;0;0
p.S111R;Protein;Missense;1;0;0;0;0
p.S139P;Protein;Missense;0;0;0;0;0
p.S183L;Protein;Missense;0;0;0;0;0
p.S183W;Protein;Missense;0;0;0;0;0
p.S33A;Protein;Missense;0;0;0;0;0
p.S33E;Protein;Missense;0;0;0;0;0
p.S38F;Protein;Missense;0;0;0;0;0
p.S38P;Protein;Missense;0;0;0;0;0
p.S43F;Protein;Missense;0;0;0;0;0
p.S65A;Protein;Missense;0;1;0;0;0
p.S65L;Protein;Missense;1;0;0;0;0
p.S65P;Protein;Missense;0;0;0;0;0
p.S65Q;Protein;Missense;0;0;0;0;0
p.S65S;Protein;Missense;0;0;0;0;0
p.S65T;Protein;Missense;0;0;0;0;0
p.S65W;Protein;Missense;1;0;0;0;0
p.S68L;Protein;Missense;0;0;0;0;0
p.S68P;Protein;Missense;0;0;0;0;0
p.S68T;Protein;Missense;0;0;0;0;0
p.S68W;Protein;Missense;0;1;0;0;0
p.S72P;Protein;Missense;1;0;0;0;0
p.S80F;Protein;Missense;0;0;0;0;0
p.S80G;Protein;Missense;0;0;0;0;0
p.S80I;Protein;Missense;1;0;0;0;0
p.S80N;Protein;Missense;1;1;0;0;0
p.S80R;Protein;Missense;1;0;0;0;0
p.T100A;Protein;Missense;0;0;0;0;0
p.T105K;Protein;Missense;0;0;0;0;0
p.T105M;Protein;Missense;0;0;0;0;0
p.T105P;Protein;Missense;1;0;0;0;0
p.T124A;Protein;Missense;0;0;0;0;0
p.T124I;Protein;Missense;0;1;0;0;0
p.T133S;Protein;Missense;0;0;0;0;0
p.T152I;Protein;Missense;0;0;0;0;0
p.T152P;Protein;Missense;0;0;0;0;0
p.T157A;Protein;Missense;0;0;0;0;0
p.T157I;Protein;Missense;0;1;1;1;1
p.V130D;Protein;Missense;0;0;0;0;0
p.V130F;Protein;Missense;1;0;0;0;0
p.V130G;Protein;Missense;0;0;0;0;0
p.V130I;Protein;Missense;0;0;0;0;0
p.V130L;Protein;Missense;1;0;1;0;0
p.V137M;Protein;Missense;0;0;0;0;0
p.V142I;Protein;Missense;0;0;0;0;0
p.V155D;Protein;Missense;0;0;0;0;0
p.V155E;Protein;Missense;0;0;0;0;0
p.V155G;Protein;Missense;0;0;0;0;0
p.V155L;Protein;Missense;1;0;0;0;0
p.V155M;Protein;Missense;0;0;0;0;0
p.V165D;Protein;Missense;0;0;0;0;0
p.V165G;Protein;Missense;0;0;0;0;0
p.V165I;Protein;Missense;0;0;0;0;0
p.V166A;Protein;Missense;0;0;0;0;1
p.V166D;Protein;Missense;1;0;0;0;0
p.V166F;Protein;Missense;0;1;1;0;0
p.V166G;Protein;Missense;0;0;0;0;0
p.V166H;Protein;Missense;1;0;0;0;0
p.V166I;Protein;Missense;0;0;0;0;0
p.V170A;Protein;Missense;0;0;0;0;0
p.V170D;Protein;Missense;0;1;0;1;0
p.V170F;Protein;Missense;0;1;0;0;0
p.V170G;Protein;Missense;1;0;0;0;0
p.V181I;Protein;Missense;0;0;0;0;0
p.V194G;Protein;Missense;0;0;0;0;0
p.V194M;Protein;Missense;0;0;0;0;0
p.V66G;Protein;Missense;0;0;0;0;0
p.V74A;Protein;Missense;0;0;0;0;0
p.V74D;Protein;Missense;0;0;0;0;0
p.V74G;Protein;Missense;1;1;0;1;0
p.V83I;Protein;Missense;0;0;0;0;0
p.V84E;Protein;Missense;0;0;0;0;0
p.V84L;Protein;Missense;0;0;0;0;1
p.V84M;Protein;Missense;0;0;0;0;0
p.V87A;Protein;Missense;0;0;0;0;0
p.V87E;Protein;Missense;0;0;0;0;0
p.V87I;Protein;Missense;0;0;0;0;0
p.W117C;Protein;Missense;1;0;0;0;0
p.W117G;Protein;Missense;1;0;0;0;0
p.W117L;Protein;Missense;0;0;0;0;0
p.W117R;Protein;Missense;0;0;0;0;0
p.W117S;Protein;Missense;1;0;0;0;0
p.W88C;Protein;Missense;0;0;0;0;0
p.W88G;Protein;Missense;0;0;0;0;0
p.W88L;Protein;Missense;0;0;0;0;0
p.W88R;Protein;Missense;1;0;0;0;0
p.W88S;Protein;Missense;1;0;0;0;0
p.W99R;Protein;Missense;0;0;0;0;0
p.Y112C;Protein;Missense;0;0;0;0;0
p.Y112D;Protein;Missense;0;0;0;0;0
p.Y112H;Protein;Missense;0;1;1;0;0
p.Y112N;Protein;Missense;1;0;0;0;0
p.Y156C;Protein;Missense;1;1;0;0;0
p.Y156D;Protein;Missense;0;0;0;1;0
p.Y156N;Protein;Missense;0;1;0;0;0
p.Y175C;Protein;Missense;0;0;0;0;0
p.Y175D;Protein;Missense;1;0;0;0;0
p.Y175N;Protein;Missense;0;1;0;0;0
p.Y185F;Protein;Missense;0;0;0;0;0
p.Y80D;Protein;Missense;0;0;0;0;0
p.Y98C;Protein;Missense;0;0;0;1;0
p.Y98D;Protein;Missense;0;0;0;0;0
p.Y98F;Protein;Missense;0;0;0;0;0
p.Y98H;Protein;Missense;1;1;1;0;0
p.Y98N;Protein;Missense;1;0;0;0;0
p.Y98S;Protein;Missense;0;0;0;0;0
p.A149X;Protein;Nonsense;0;0;0;0;0
p.C162X;Protein;Nonsense;0;0;0;0;0
p.C77X;Protein;Nonsense;0;0;0;0;0
p.E134X;Protein;Nonsense;0;0;0;0;0
p.E160X;Protein;Nonsense;0;0;0;0;0
p.E173X;Protein;Nonsense;0;0;0;0;0
p.E17X;Protein;Nonsense;0;0;0;0;0
p.E186X;Protein;Nonsense;1;0;0;0;0
p.E189X;Protein;Nonsense;0;0;0;0;0
p.E199X;Protein;Nonsense;0;0;0;0;0
p.E46X;Protein;Nonsense;1;0;0;0;0
p.E51X;Protein;Nonsense;0;0;0;0;0
p.E52X;Protein;Nonsense;0;0;0;0;0
p.E55X;Protein;Nonsense;0;0;0;0;0
p.E70X;Protein;Nonsense;1;0;0;0;0
p.E94X;Protein;Nonsense;1;1;0;0;0
p.F91X;Protein;Nonsense;0;0;0;0;0
p.G144X;Protein;Nonsense;0;1;0;0;0
p.K159X;Protein;Nonsense;0;0;0;0;0
p.K171X;Protein;Nonsense;0;0;0;0;0
p.K196X;Protein;Nonsense;0;0;0;0;0
p.L135X;Protein;Nonsense;1;0;0;0;0
p.L63X;Protein;Nonsense;0;0;0;0;0
p.Q132X;Protein;Nonsense;1;0;0;1;0
p.Q145X;Protein;Nonsense;0;0;0;0;0
p.Q164X;Protein;Nonsense;1;1;0;0;0
p.Q195X;Protein;Nonsense;1;1;0;0;0
p.Q209X;Protein;Nonsense;0;0;0;0;0
p.Q73X;Protein;Nonsense;1;1;0;0;0
p.Q96X;Protein;Nonsense;1;0;0;0;0
p.R113X;Protein;Nonsense;1;0;0;1;0
p.R120X;Protein;Nonsense;0;0;0;0;0
p.R161X;Protein;Nonsense;1;1;0;1;0
p.R177X;Protein;Nonsense;1;1;0;0;0
p.R58X;Protein;Nonsense;0;0;0;0;0
p.S183X;Protein;Nonsense;1;0;0;0;0
p.S33X;Protein;Nonsense;0;0;0;0;0
p.S65X;Protein;Nonsense;1;0;0;0;0
p.S68X;Protein;Nonsense;0;0;0;0;0
p.T157X;Protein;Nonsense;0;0;0;0;0
p.V66X;Protein;Nonsense;1;0;0;0;0
p.W117X;Protein;Nonsense;1;0;0;0;0
p.W88X;Protein;Nonsense;0;0;0;0;0
p.W8X;Protein;Nonsense;0;0;0;0;0
p.Y112X;Protein;Nonsense;1;0;0;0;0
p.Y156X;Protein;Nonsense;1;0;0;0;0
p.Y175X;Protein;Nonsense;1;0;0;0;0
p.Y185X;Protein;Nonsense;1;0;0;0;0
p.Y98X;Protein;Nonsense;0;0;0;0;0
p.A35A;Protein;Silent;0;0;0;0;0
p.D9D;Protein;Silent;0;0;0;0;0
p.E53E;Protein;Silent;0;0;0;0;0
p.G114G;Protein;Silent;0;0;0;0;0
p.G14G;Protein;Silent;0;0;0;0;0
p.G19G;Protein;Silent;0;0;0;0;0
p.G34G;Protein;Silent;0;0;0;0;0
p.G57G;Protein;Silent;0;0;0;0;0
p.G93G;Protein;Silent;0;0;0;0;0
p.H125H;Protein;Silent;0;0;0;0;0
p.L118L;Protein;Silent;0;0;0;0;0
p.L129L;Protein;Silent;0;0;0;0;0
p.L169L;Protein;Silent;0;0;0;0;0
p.L198L;Protein;Silent;0;0;0;0;0
p.L48L;Protein;Silent;0;0;0;0;0
p.L63L;Protein;Silent;0;0;0;0;0
p.P138P;Protein;Silent;0;0;1;0;0
p.P146P;Protein;Silent;0;0;0;0;0
p.P154P;Protein;Silent;0;0;1;0;0
p.P2P;Protein;Silent;0;0;0;0;0
p.P45P;Protein;Silent;0;0;0;0;0
p.P59P;Protein;Silent;0;0;0;0;0
p.P71P;Protein;Silent;0;0;0;0;0
p.P86P;Protein;Silent;0;0;0;0;0
p.P95P;Protein;Silent;0;0;0;0;0
p.P97P;Protein;Silent;1;0;0;0;0
p.Q73Q;Protein;Silent;0;0;0;0;0
p.R108R;Protein;Silent;0;0;0;0;0
p.R113R;Protein;Silent;0;0;0;0;0
p.R167R;Protein;Silent;0;0;0;0;0
p.R182R;Protein;Silent;0;0;0;0;0
p.R51R;Protein;Silent;0;0;0;0;0
p.R55R;Protein;Silent;0;0;0;0;0
p.R58R;Protein;Silent;0;0;0;0;0
p.R79R;Protein;Silent;0;0;0;0;0
p.S111S;Protein;Silent;0;0;0;0;0
p.S139S;Protein;Silent;0;0;0;0;0
p.S38S;Protein;Silent;0;0;0;0;0
p.S43S;Protein;Silent;0;0;0;0;0
p.S68S;Protein;Silent;0;0;0;0;0
p.T157T;Protein;Silent;0;0;0;0;0
p.V142V;Protein;Silent;0;0;0;0;0
p.V181V;Protein;Silent;0;0;0;0;0
p.V194V;Protein;Silent;0;0;0;0;0
p.V83V;Protein;Silent;0;0;0;0;0
p.Y112Y;Protein;Silent;0;0;0;0;0
p.Y185Y;Protein;Silent;0;0;0;0;0
p.109_110del;Protein;Range Deletion;0;0;0;0;0
p.168_169del;Protein;Range Deletion;0;0;0;0;0
p.55_64del;Protein;Range Deletion;0;0;0;0;0
p.59_61del;Protein;Range Deletion;0;0;0;0;0
p.66_68del;Protein;Range Deletion;0;0;0;0;0
p.67_74del;Protein;Range Deletion;1;0;0;0;0
p.77_79del;Protein;Range Deletion;0;0;0;0;0
p.82_84del;Protein;Range Deletion;1;0;0;0;0
p.83_85del;Protein;Range Deletion;0;0;0;0;0
p.101_102del;Protein;Range Deletion;0;0;0;0;0
p.109_113del;Protein;Range Deletion;0;0;0;0;0
p.111_112del;Protein;Range Deletion;0;0;0;0;0
p.121_122del;Protein;Range Deletion;0;0;0;0;0
p.147_148del;Protein;Range Deletion;0;0;0;0;0
p.151_152del;Protein;Range Deletion;0;0;0;0;0
p.155_159del;Protein;Range Deletion;0;0;0;0;0
p.158_159del;Protein;Range Deletion;0;0;0;0;0
p.162_164del;Protein;Range Deletion;0;0;0;0;0
p.167_170del;Protein;Range Deletion;0;0;0;0;0
p.169_170del;Protein;Range Deletion;0;0;0;0;0
p.178_180del;Protein;Range Deletion;0;0;0;0;0
p.178_181del;Protein;Range Deletion;0;0;0;0;0
p.187_193del;Protein;Range Deletion;0;0;0;0;0
p.187_188del;Protein;Range Deletion;0;0;0;0;0
p.188_190del;Protein;Range Deletion;0;0;0;0;0
p.108insTG;Protein;Insertion;0;0;0;0;0
p.120insGHLWLF;Protein;Insertion;0;0;0;0;0
p.214insCTSTDGS;Protein;Insertion;0;0;0;0;0
p.133insINQ;Protein;Insertion;0;0;0;0;0
p.89del;Protein;Single Deletion;0;0;0;0;0
p.90del;Protein;Single Deletion;0;0;0;0;0
p.95del;Protein;Single Deletion;1;0;0;0;0
p.100del;Protein;Single Deletion;0;0;0;0;0
p.102del;Protein;Single Deletion;0;0;0;0;0
p.135del;Protein;Single Deletion;0;0;0;0;0
p.163del;Protein;Single Deletion;0;0;0;0;0
p.5del;Protein;Single Deletion;0;0;0;0;0
p.66del;Protein;Single Deletion;0;0;0;0;0
p.69del;Protein;Single Deletion;0;0;0;0;0
p.72del;Protein;Single Deletion;0;0;0;0;0
p.75del;Protein;Single Deletion;0;0;0;0;0
p.76del;Protein;Single Deletion;1;0;0;0;0
p.77del;Protein;Single Deletion;0;0;0;0;0
p.93del;Protein;Single Deletion;0;0;0;0;0
p.96del;Protein;Single Deletion;0;0;0;0;0
p.115del;Protein;Single Deletion;0;0;0;0;0
p.121del;Protein;Single Deletion;0;0;0;0;0
p.160del;Protein;Single Deletion;0;0;0;0;0
p.186del;Protein;Single Deletion;1;0;0;0;0
p.79insN;Protein;Insertion;0;0;0;0;0
p.114insG;Protein;Insertion;0;0;0;0;0
p.151insY;Protein;Insertion;0;0;0;0;0
p.158insF;Protein;Insertion;1;0;0;0;0
p.166insV;Protein;Insertion;0;0;0;0;0
p.77insS;Protein;Insertion;1;0;0;0;0
p.137insF;Protein;Insertion;0;0;0;0;0
p.168insR;Protein;Insertion;0;0;0;0;0
p.108insR;Protein;Insertion;0;0;0;0;0
p.5_5del;Protein;Range Deletion;0;0;0;0;0
p.52_65del;Protein;Range Deletion;0;0;0;0;0
p.54_58del;Protein;Range Deletion;0;0;0;0;0
p.59_59del;Protein;Range Deletion;0;0;0;0;0
p.62_64del;Protein;Range Deletion;0;0;0;0;0
p.66_66del;Protein;Range Deletion;0;0;0;0;0
p.68_69del;Protein;Range Deletion;0;0;0;0;0
p.69_69del;Protein;Range Deletion;0;0;0;0;0
p.70_71del;Protein;Range Deletion;0;0;0;0;0
p.70_75del;Protein;Range Deletion;0;0;0;0;0
p.72_72del;Protein;Range Deletion;0;0;0;0;0
p.72_86del;Protein;Range Deletion;0;0;0;0;0
p.73_73del;Protein;Range Deletion;0;0;0;0;0
p.74_76del;Protein;Range Deletion;0;0;0;0;0
p.75_77del;Protein;Range Deletion;0;0;0;0;0
p.75_83del;Protein;Range Deletion;0;0;0;0;0
p.76_76del;Protein;Range Deletion;0;0;0;0;0
p.77_77del;Protein;Range Deletion;0;0;0;0;0
p.79_80del;Protein;Range Deletion;0;0;0;0;0
p.80_80del;Protein;Range Deletion;0;0;0;0;0
p.84_93del;Protein;Range Deletion;0;0;0;0;0
p.85_87del;Protein;Range Deletion;0;0;0;0;0
p.87_88del;Protein;Range Deletion;0;0;0;0;0
p.87_87del;Protein;Range Deletion;0;0;0;0;0
p.88_87del;Protein;Range Deletion;0;0;0;0;0
p.90_90del;Protein;Range Deletion;0;0;0;0;0
p.90_91del;Protein;Range Deletion;0;0;0;0;0
p.90_93del;Protein;Range Deletion;0;0;0;0;0
p.91_91del;Protein;Range Deletion;0;0;0;0;0
p.91_93del;Protein;Range Deletion;0;0;0;0;0
p.92_92del;Protein;Range Deletion;0;0;0;0;0
p.93_93del;Protein;Range Deletion;0;0;0;0;0
p.95_99del;Protein;Range Deletion;0;0;0;0;0
p.96_96del;Protein;Range Deletion;1;0;0;0;0
p.101_101del;Protein;Range Deletion;0;0;0;0;0
p.103_103del;Protein;Range Deletion;0;0;0;0;0
p.105_110del;Protein;Range Deletion;0;0;0;0;0
p.108_108del;Protein;Range Deletion;0;0;0;0;0
p.109_111del;Protein;Range Deletion;0;0;0;0;0
p.110_111del;Protein;Range Deletion;0;0;0;0;0
p.115_115del;Protein;Range Deletion;0;0;0;0;0
p.121_121del;Protein;Range Deletion;0;0;0;0;0
p.122_122del;Protein;Range Deletion;0;0;0;0;0
p.124_124del;Protein;Range Deletion;0;0;0;0;0
p.129_129del;Protein;Range Deletion;0;0;0;0;0
p.136_136del;Protein;Range Deletion;0;0;0;0;0
p.145_149del;Protein;Range Deletion;0;0;0;0;0
p.148_148del;Protein;Range Deletion;0;0;0;0;0
p.150_151del;Protein;Range Deletion;0;0;0;0;0
p.157_157del;Protein;Range Deletion;0;0;0;0;0
p.157_159del;Protein;Range Deletion;0;0;0;0;0
p.159_160del;Protein;Range Deletion;0;0;0;0;0
p.160_160del;Protein;Range Deletion;0;0;0;0;0
p.161_161del;Protein;Range Deletion;0;0;0;0;0
p.167_169del;Protein;Range Deletion;0;0;0;0;0
p.172_173del;Protein;Range Deletion;0;0;0;0;0
p.173_174del;Protein;Range Deletion;0;0;0;0;0
p.175_180del;Protein;Range Deletion;0;0;0;0;0
p.177_178del;Protein;Range Deletion;0;0;0;0;0
p.179_180del;Protein;Range Deletion;0;0;0;0;0
p.179_181del;Protein;Range Deletion;0;0;0;0;0
p.100_105del;Protein;Range Deletion;0;0;0;0;0
p.167_150del;Protein;Range Deletion;0;0;0;0;0
p.93_98del;Protein;Range Deletion;1;0;0;0;0
p.165insL;Protein;Insertion;0;0;0;0;0
p.167insV;Protein;Insertion;0;0;0;0;0
p.135insS;Protein;Insertion;0;0;0;0;0
c.154_166del;DNA;Range Deletion;0;0;0;0;0
c.157_163del;DNA;Range Deletion;0;0;0;0;0
c.160_169del;DNA;Range Deletion;0;0;0;0;0
c.160_172del;DNA;Range Deletion;0;0;0;0;0
c.160_175del;DNA;Range Deletion;0;0;0;0;0
c.160_194del;DNA;Range Deletion;0;0;0;0;0
c.161_162del;DNA;Range Deletion;0;0;0;0;0
c.162_166del;DNA;Range Deletion;0;0;0;0;0
c.164_165del;DNA;Range Deletion;0;0;0;0;0
c.164_167del;DNA;Range Deletion;0;0;0;0;0
c.164_177del;DNA;Range Deletion;0;0;0;0;0
c.164_179del;DNA;Range Deletion;0;0;0;0;0
c.167_168del;DNA;Range Deletion;0;0;0;0;0
c.167_173del;DNA;Range Deletion;0;0;0;0;0
c.167_179del;DNA;Range Deletion;0;0;0;0;0
c.168_172del;DNA;Range Deletion;0;0;0;0;0
c.168_184del;DNA;Range Deletion;0;0;0;0;0
c.170_177del;DNA;Range Deletion;0;0;0;0;0
c.171_174del;DNA;Range Deletion;0;0;0;0;0
c.171_177del;DNA;Range Deletion;0;0;0;0;0
c.171_180del;DNA;Range Deletion;0;0;0;0;0
c.173_182del;DNA;Range Deletion;0;0;0;0;0
c.174_177del;DNA;Range Deletion;0;0;0;0;0
c.174_180del;DNA;Range Deletion;0;0;0;0;0
c.178_179del;DNA;Range Deletion;0;0;0;0;0
c.178_184del;DNA;Range Deletion;0;0;0;0;0
c.178_287del;DNA;Range Deletion;0;0;0;0;0
c.179_182del;DNA;Range Deletion;0;0;0;0;0
c.180_184del;DNA;Range Deletion;0;0;0;0;0
c.180_208del;DNA;Range Deletion;0;0;0;0;0
c.182_207del;DNA;Range Deletion;0;0;0;0;0
c.183_187del;DNA;Range Deletion;0;0;0;0;0
c.183_195del;DNA;Range Deletion;0;0;0;0;0
c.184_187del;DNA;Range Deletion;0;0;0;0;0
c.186_199del;DNA;Range Deletion;0;0;0;0;0
c.187del;DNA;Single Deletion;0;0;0;0;0
c.189_193del;DNA;Range Deletion;0;0;0;0;0
c.189_202del;DNA;Range Deletion;0;0;0;0;0
c.192_198del;DNA;Range Deletion;0;0;0;0;0
c.198_214del;DNA;Range Deletion;0;0;0;0;0
c.199_211del;DNA;Range Deletion;0;0;0;0;0
c.205_208del;DNA;Range Deletion;0;0;0;0;0
c.207_208del;DNA;Range Deletion;0;0;0;0;0
c.208_220del;DNA;Range Deletion;0;0;0;0;0
c.209_210del;DNA;Range Deletion;0;0;0;0;0
c.209_243del;DNA;Range Deletion;0;0;0;0;0
c.211_223del;DNA;Range Deletion;0;0;0;0;0
c.212_213del;DNA;Range Deletion;0;0;0;0;0
c.212_225del;DNA;Range Deletion;0;0;0;0;0
c.213_232del;DNA;Range Deletion;0;0;0;0;0
c.216_217del;DNA;Range Deletion;0;0;0;0;0
c.218_219del;DNA;Range Deletion;0;0;0;0;0
c.219_220del;DNA;Range Deletion;0;0;0;0;0
c.221_230del;DNA;Range Deletion;0;0;0;0;0
c.221_245del;DNA;Range Deletion;0;0;0;0;0
c.222_229del;DNA;Range Deletion;0;0;0;0;0
c.225_226del;DNA;Range Deletion;0;0;0;0;0
c.225_228del;DNA;Range Deletion;0;0;0;0;0
c.226_232del;DNA;Range Deletion;0;0;0;0;0
c.226_235del;DNA;Range Deletion;0;0;0;0;0
c.227_321del;DNA;Range Deletion;0;0;0;0;0
c.230_231del;DNA;Range Deletion;0;0;0;0;0
c.230_234del;DNA;Range Deletion;0;0;0;0;0
c.231_232del;DNA;Range Deletion;0;0;0;0;0
c.231_244del;DNA;Range Deletion;0;0;0;0;0
c.232_233del;DNA;Range Deletion;0;0;0;0;0
c.233_234del;DNA;Range Deletion;0;0;0;0;0
c.233_243del;DNA;Range Deletion;0;0;0;0;0
c.234_237del;DNA;Range Deletion;0;0;0;0;0
c.236_237del;DNA;Range Deletion;0;0;0;0;0
c.237_238del;DNA;Range Deletion;0;0;0;0;0
c.238_239del;DNA;Range Deletion;0;0;0;0;0
c.238_244del;DNA;Range Deletion;0;0;0;0;0
c.238_256del;DNA;Range Deletion;0;0;0;0;0
c.242_246del;DNA;Range Deletion;0;0;0;0;0
c.243_247del;DNA;Range Deletion;0;0;0;0;0
c.244_247del;DNA;Range Deletion;0;0;0;0;0
c.244_250del;DNA;Range Deletion;0;0;0;0;0
c.246_247del;DNA;Range Deletion;0;0;0;0;0
c.248_255del;DNA;Range Deletion;0;0;0;0;0
c.249_250del;DNA;Range Deletion;0;0;0;0;0
c.250_253del;DNA;Range Deletion;0;0;0;0;0
c.250_256del;DNA;Range Deletion;0;0;0;0;0
c.251_260del;DNA;Range Deletion;0;0;0;0;0
c.253_260del;DNA;Range Deletion;0;0;0;0;0
c.255_256del;DNA;Range Deletion;0;0;0;0;0
c.256_259del;DNA;Range Deletion;0;0;0;0;0
c.257_267del;DNA;Range Deletion;0;0;0;0;0
c.258_259del;DNA;Range Deletion;0;0;0;0;0
c.261_271del;DNA;Range Deletion;0;0;0;0;0
c.263_270del;DNA;Range Deletion;0;0;0;0;0
c.265_274del;DNA;Range Deletion;0;0;0;0;0
c.267_271del;DNA;Range Deletion;0;0;0;0;0
c.267_292del;DNA;Range Deletion;0;0;0;0;0
c.269_275del;DNA;Range Deletion;0;0;0;0;0
c.270_280del;DNA;Range Deletion;0;0;0;0;0
c.272_280del;DNA;Range Deletion;0;0;0;0;0
c.272_284del;DNA;Range Deletion;0;0;0;0;0
c.274_278del;DNA;Range Deletion;0;0;0;0;0
c.275_278del;DNA;Range Deletion;0;0;0;0;0
c.275_285del;DNA;Range Deletion;0;0;0;0;0
c.276_279del;DNA;Range Deletion;0;0;0;0;0
c.279_280del;DNA;Range Deletion;0;0;0;0;0
c.281_291del;DNA;Range Deletion;0;0;0;0;0
c.282_283del;DNA;Range Deletion;0;0;0;0;0
c.282_291del;DNA;Range Deletion;0;0;0;0;0
c.282_297del;DNA;Range Deletion;0;0;0;0;0
c.284_291del;DNA;Range Deletion;0;0;0;0;0
c.285_291del;DNA;Range Deletion;0;0;0;0;0
c.287_291del;DNA;Range Deletion;0;0;0;0;0
c.288_291del;DNA;Range Deletion;0;0;0;0;0
c.290_291del;DNA;Range Deletion;0;0;0;0;0
c.290_299del;DNA;Range Deletion;0;0;0;0;0
c.291_310del;DNA;Range Deletion;0;0;0;0;0
c.292_296del;DNA;Range Deletion;0;0;0;0;0
c.296_297del;DNA;Range Deletion;0;0;0;0;0
c.300_301del;DNA;Range Deletion;0;0;0;0;0
c.300_318del;DNA;Range Deletion;0;0;0;0;0
c.301_316del;DNA;Range Deletion;0;0;0;0;0
c.302_305del;DNA;Range Deletion;0;0;0;0;0
c.303_321del;DNA;Range Deletion;0;0;0;0;0
c.305_312del;DNA;Range Deletion;0;0;0;0;0
c.308_312del;DNA;Range Deletion;0;0;0;0;0
c.309_322del;DNA;Range Deletion;0;0;0;0;0
c.310_326del;DNA;Range Deletion;0;0;0;0;0
c.311_320del;DNA;Range Deletion;0;0;0;0;0
c.315_318del;DNA;Range Deletion;0;0;0;0;0
c.315_330del;DNA;Range Deletion;0;0;0;0;0
c.316_317del;DNA;Range Deletion;0;0;0;0;0
c.317_323del;DNA;Range Deletion;0;0;0;0;0
c.319_340del;DNA;Range Deletion;0;0;0;0;0
c.320_323del;DNA;Range Deletion;0;0;0;0;0
c.330_333del;DNA;Range Deletion;0;0;0;0;0
c.331_340del;DNA;Range Deletion;0;0;0;0;0
c.336_340del;DNA;Range Deletion;0;0;0;0;0
c.339_340del;DNA;Range Deletion;0;0;0;0;0
c.342_351del;DNA;Range Deletion;0;0;0;0;0
c.343_347del;DNA;Range Deletion;0;0;0;0;0
c.343_349del;DNA;Range Deletion;0;0;0;0;0
c.344_345del;DNA;Range Deletion;0;0;0;0;0
c.346_347del;DNA;Range Deletion;0;0;0;0;0
c.346_365del;DNA;Range Deletion;0;0;0;0;0
c.349_367del;DNA;Range Deletion;0;0;0;0;0
c.350_356del;DNA;Range Deletion;0;0;0;0;0
c.354_357del;DNA;Range Deletion;0;0;0;0;0
c.355_359del;DNA;Range Deletion;0;0;0;0;0
c.356_360del;DNA;Range Deletion;0;0;0;0;0
c.357_361del;DNA;Range Deletion;0;0;0;0;0
c.359_362del;DNA;Range Deletion;0;0;0;0;0
c.359_374del;DNA;Range Deletion;0;0;0;0;0
c.360_364del;DNA;Range Deletion;0;0;0;0;0
c.360_367del;DNA;Range Deletion;0;0;0;0;0
c.361_362del;DNA;Range Deletion;0;0;0;0;0
c.361_370del;DNA;Range Deletion;0;0;0;0;0
c.366_367del;DNA;Range Deletion;0;0;0;0;0
c.367_370del;DNA;Range Deletion;0;0;0;0;0
c.368_369del;DNA;Range Deletion;0;0;0;0;0
c.371_378del;DNA;Range Deletion;0;0;0;0;0
c.374_375del;DNA;Range Deletion;0;0;0;0;0
c.374_380del;DNA;Range Deletion;0;0;0;0;0
c.375_376del;DNA;Range Deletion;0;0;0;0;0
c.377_380del;DNA;Range Deletion;0;0;0;0;0
c.377_381del;DNA;Range Deletion;0;0;0;0;0
c.378_379del;DNA;Range Deletion;0;0;0;0;0
c.380_381del;DNA;Range Deletion;0;0;0;0;0
c.385_386del;DNA;Range Deletion;0;0;0;0;0
c.389_392del;DNA;Range Deletion;0;0;0;0;0
c.391_398del;DNA;Range Deletion;0;0;0;0;0
c.392_408del;DNA;Range Deletion;0;0;0;0;0
c.393_396del;DNA;Range Deletion;0;0;0;0;0
c.393_400del;DNA;Range Deletion;0;0;0;0;0
c.396_397del;DNA;Range Deletion;0;0;0;0;0
c.397_398del;DNA;Range Deletion;0;0;0;0;0
c.398_401del;DNA;Range Deletion;0;0;0;0;0
c.399_400del;DNA;Range Deletion;0;0;0;0;0
c.400_403del;DNA;Range Deletion;0;0;0;0;0
c.400_407del;DNA;Range Deletion;0;0;0;0;0
c.402_403del;DNA;Range Deletion;0;0;0;0;0
c.402_405del;DNA;Range Deletion;0;0;0;0;0
c.405_406del;DNA;Range Deletion;0;0;0;0;0
c.405_409del;DNA;Range Deletion;0;0;0;0;0
c.407_410del;DNA;Range Deletion;0;0;0;0;0
c.409_415del;DNA;Range Deletion;0;0;0;0;0
c.412_425del;DNA;Range Deletion;0;0;0;0;0
c.412_427del;DNA;Range Deletion;0;0;0;0;0
c.413_414del;DNA;Range Deletion;0;0;0;0;0
c.416_423del;DNA;Range Deletion;0;0;0;0;0
c.418_425del;DNA;Range Deletion;0;0;0;0;0
c.419_420del;DNA;Range Deletion;0;0;0;0;0
c.421_422del;DNA;Range Deletion;0;0;0;0;0
c.422_423del;DNA;Range Deletion;0;0;0;0;0
c.422_428del;DNA;Range Deletion;0;0;0;0;0
c.423_430del;DNA;Range Deletion;0;0;0;0;0
c.424_425del;DNA;Range Deletion;0;0;0;0;0
c.424_439del;DNA;Range Deletion;0;0;0;0;0
c.425_429del;DNA;Range Deletion;0;0;0;0;0
c.426_429del;DNA;Range Deletion;0;0;0;0;0
c.427_431del;DNA;Range Deletion;0;0;0;0;0
c.430_431del;DNA;Range Deletion;0;0;0;0;0
c.430_433del;DNA;Range Deletion;0;0;0;0;0
c.430_461del;DNA;Range Deletion;0;0;0;0;0
c.433_439del;DNA;Range Deletion;0;0;0;0;0
c.435_438del;DNA;Range Deletion;0;0;0;0;0
c.437_449del;DNA;Range Deletion;0;0;0;0;0
c.437_450del;DNA;Range Deletion;0;0;0;0;0
c.438_453del;DNA;Range Deletion;0;0;0;0;0
c.439_440del;DNA;Range Deletion;0;0;0;0;0
c.439_442del;DNA;Range Deletion;0;0;0;0;0
c.439_443del;DNA;Range Deletion;0;0;0;0;0
c.440_446del;DNA;Range Deletion;0;0;0;0;0
c.441_444del;DNA;Range Deletion;0;0;0;0;0
c.443_444del;DNA;Range Deletion;0;0;0;0;0
c.444_445del;DNA;Range Deletion;0;0;0;0;0
c.444_450del;DNA;Range Deletion;0;0;0;0;0
c.447_453del;DNA;Range Deletion;0;0;0;0;0
c.454_460del;DNA;Range Deletion;0;0;0;0;0
c.456_457del;DNA;Range Deletion;0;0;0;0;0
c.456_462del;DNA;Range Deletion;0;0;0;0;0
c.457_463del;DNA;Range Deletion;0;0;0;0;0
c.464_474del;DNA;Range Deletion;0;0;0;0;0
c.468_469del;DNA;Range Deletion;0;0;0;0;0
c.468_471del;DNA;Range Deletion;0;0;0;0;0
c.468_476del;DNA;Range Deletion;0;0;0;0;0
c.470_477del;DNA;Range Deletion;0;0;0;0;0
c.470_483del;DNA;Range Deletion;0;0;0;0;0
c.472_473del;DNA;Range Deletion;0;0;0;0;0
c.472_490del;DNA;Range Deletion;0;0;0;0;0
c.473_474del;DNA;Range Deletion;0;0;0;0;0
c.476_479del;DNA;Range Deletion;0;0;0;0;0
c.476_491del;DNA;Range Deletion;0;0;0;0;0
c.480_483del;DNA;Range Deletion;0;0;0;0;0
c.482_483del;DNA;Range Deletion;0;0;0;0;0
c.486_487del;DNA;Range Deletion;0;0;0;0;0
c.486_490del;DNA;Range Deletion;0;0;0;0;0
c.491_492del;DNA;Range Deletion;0;0;0;0;0
c.491_494del;DNA;Range Deletion;0;0;0;0;0
c.492_493del;DNA;Range Deletion;0;0;0;0;0
c.493_503del;DNA;Range Deletion;0;0;0;0;0
c.496_497del;DNA;Range Deletion;0;0;0;0;0
c.497_501del;DNA;Range Deletion;0;0;0;0;0
c.499_500del;DNA;Range Deletion;0;0;0;0;0
c.500_501del;DNA;Range Deletion;0;0;0;0;0
c.503_504del;DNA;Range Deletion;0;0;0;0;0
c.503_509del;DNA;Range Deletion;0;0;0;0;0
c.504_511del;DNA;Range Deletion;0;0;0;0;0
c.506_510del;DNA;Range Deletion;0;0;0;0;0
c.507_508del;DNA;Range Deletion;0;0;0;0;0
c.507_516del;DNA;Range Deletion;0;0;0;0;0
c.509_512del;DNA;Range Deletion;0;0;0;0;0
c.512_516del;DNA;Range Deletion;0;0;0;0;0
c.514_517del;DNA;Range Deletion;0;0;0;0;0
c.514_527del;DNA;Range Deletion;0;0;0;0;0
c.516_525del;DNA;Range Deletion;0;0;0;0;0
c.516del;DNA;Single Deletion;1;0;0;0;0
c.519_520del;DNA;Range Deletion;0;0;0;0;0
c.522_523del;DNA;Range Deletion;0;0;0;0;0
c.525_529del;DNA;Range Deletion;0;0;0;0;0
c.525_532del;DNA;Range Deletion;0;0;0;0;0
c.525_533del;DNA;Range Deletion;0;0;0;0;0
c.526_532del;DNA;Range Deletion;0;0;0;0;0
c.530_531del;DNA;Range Deletion;0;0;0;0;0
c.533_534del;DNA;Range Deletion;0;0;0;0;0
c.537_538del;DNA;Range Deletion;0;0;0;0;0
c.540_544del;DNA;Range Deletion;0;0;0;0;0
c.540_564del;DNA;Range Deletion;0;0;0;0;0
c.541_547del;DNA;Range Deletion;0;0;0;0;0
c.542_545del;DNA;Range Deletion;0;0;0;0;0
c.542_549del;DNA;Range Deletion;0;0;0;0;0
c.544_545del;DNA;Range Deletion;0;0;0;0;0
c.548_555del;DNA;Range Deletion;0;0;0;0;0
c.550_556del;DNA;Range Deletion;0;0;0;0;0
c.550_559del;DNA;Range Deletion;0;0;0;0;0
c.552_553del;DNA;Range Deletion;0;0;0;0;0
c.554_563del;DNA;Range Deletion;0;0;0;0;0
c.554_572del;DNA;Range Deletion;0;0;0;0;0
c.556_562del;DNA;Range Deletion;0;0;0;0;0
c.557_561del;DNA;Range Deletion;0;0;0;0;0
c.559_560del;DNA;Range Deletion;0;0;0;0;0
c.559_566del;DNA;Range Deletion;0;0;0;0;0
c.561_563del;DNA;Range Deletion;0;0;0;0;0
c.561_564del;DNA;Range Deletion;0;0;0;0;0
c.562_563del;DNA;Range Deletion;0;0;0;0;0
c.564_565del;DNA;Range Deletion;0;0;0;0;0
c.565_568del;DNA;Range Deletion;0;0;0;0;0
c.566_569del;DNA;Range Deletion;0;0;0;0;0
c.566_582del;DNA;Range Deletion;0;0;0;0;0
c.571_575del;DNA;Range Deletion;0;0;0;0;0
c.573_576del;DNA;Range Deletion;0;0;0;0;0
c.573_577del;DNA;Range Deletion;0;0;0;0;0
c.574_595del;DNA;Range Deletion;0;0;0;0;0
c.577_578del;DNA;Range Deletion;0;0;0;0;0
c.581_582del;DNA;Range Deletion;0;0;0;0;0
c.585_586del;DNA;Range Deletion;0;0;0;0;0
c.587_588del;DNA;Range Deletion;0;0;0;0;0
c.587_594del;DNA;Range Deletion;0;0;0;0;0
c.587_596del;DNA;Range Deletion;0;0;0;0;0
c.589_590del;DNA;Range Deletion;0;0;0;0;0
c.592_607del;DNA;Range Deletion;0;0;0;0;0
c.597_604del;DNA;Range Deletion;0;0;0;0;0
c.604_608del;DNA;Range Deletion;0;0;0;0;0
c.607_608del;DNA;Range Deletion;0;0;0;0;0
c.609_616del;DNA;Range Deletion;0;0;0;0;0
c.614_615del;DNA;Range Deletion;0;0;0;0;0
c.618_621del;DNA;Range Deletion;0;0;0;0;0
c.619_623del;DNA;Range Deletion;0;0;0;0;0
c.625_632del;DNA;Range Deletion;0;0;0;0;0
c.628_632del;DNA;Range Deletion;0;0;0;0;0
c.629_630del;DNA;Range Deletion;0;0;0;0;0
c.634_635del;DNA;Range Deletion;0;0;0;0;0
c.641_642del;DNA;Range Deletion;0;0;0;0;0
c.90_91del;DNA;Range Deletion;0;0;0;0;0
c.587_593del;DNA;Range Deletion;0;0;0;0;0
c.185insCCCTGCTGCGCTGCGGTGAG;DNA;Insertion;0;0;0;0;0
c.191insTC;DNA;Insertion;0;0;0;0;0
c.209insCG;DNA;Insertion;0;0;0;0;0
c.228insAA;DNA;Insertion;0;0;0;0;0
c.232insTCTTCTGC;DNA;Insertion;0;0;0;0;0
c.234insAA;DNA;Insertion;0;0;0;0;0
c.235insAAT;DNA;Insertion;0;0;0;0;0
c.238insCCTCCCAGGTCATCTTCTGCAATCGC;DNA;Insertion;0;0;0;0;0
c.238insGAGCCCTCCCAGGTCATCTTCTGCAATCGC;DNA;Insertion;0;0;0;0;0
c.240insGTCATCTTCTGCAATCGCAG;DNA;Insertion;0;0;0;0;0
c.249insAT;DNA;Insertion;0;0;0;0;0
c.262insGGCTCAAC;DNA;Insertion;0;0;0;0;0
c.263insAAT;DNA;Insertion;0;0;0;0;0
c.263insCGGCT;DNA;Insertion;0;0;0;0;0
c.276insGG;DNA;Insertion;0;0;0;0;0
c.281insCG;DNA;Insertion;0;0;0;0;0
c.281insGACG;DNA;Insertion;0;0;0;0;0
c.282insACAA;DNA;Insertion;0;0;0;0;0
c.286insAGCCG;DNA;Insertion;0;0;0;0;0
c.288insCTGCC;DNA;Insertion;0;0;0;0;0
c.299insACAA;DNA;Insertion;0;0;0;0;0
c.315insTGGCAC;DNA;Insertion;0;0;0;0;0
c.316insCGGCCG;DNA;Insertion;0;0;0;0;0
c.319insTGCCGCCTGGCACGGGC;DNA;Insertion;0;0;0;0;0
c.322insGC;DNA;Insertion;0;0;0;0;0
c.322insTTCG;DNA;Insertion;0;0;0;0;0
c.326insCTGGCACGGGCCGCCGC;DNA;Insertion;0;0;0;0;0
c.330insTCCA;DNA;Insertion;0;0;0;0;0
c.332insCACA;DNA;Insertion;0;0;0;0;0
c.332insCA;DNA;Insertion;0;0;0;0;0
c.371insTGCAGGA;DNA;Insertion;0;0;0;0;0
c.376insAC;DNA;Insertion;0;0;0;0;0
c.398insTTAACCAAA;DNA;Insertion;0;0;0;0;0
c.399insAAAC;DNA;Insertion;0;0;0;0;0
c.405insCTGGTTAACCAAACTGAATT;DNA;Insertion;0;0;0;0;0
c.406insAA;DNA;Insertion;0;0;0;0;0
c.407insATAT;DNA;Insertion;0;0;0;0;0
c.409insTT;DNA;Insertion;0;0;0;0;0
c.417insCC;DNA;Insertion;0;0;0;0;0
c.434insGGAC;DNA;Insertion;0;0;0;0;0
c.440insAA;DNA;Insertion;0;0;0;0;0
c.443insGAATTATTTGTGCCATCTCTCAATGTTGACGGACAGCCTATTT;DNA;Insertion;0;0;0;0;0
c.445insTT;DNA;Insertion;0;0;0;0;0
c.453insATAT;DNA;Insertion;0;0;0;0;0
c.453insTC;DNA;Insertion;0;0;0;0;0
c.459insTTGTTGACGGACAGCCTATTTTTGCCAATATCACACT;DNA;Insertion;0;0;0;0;0
c.470insTA;DNA;Insertion;0;0;0;0;0
c.478insCA;DNA;Insertion;0;0;0;0;0
c.481insAG;DNA;Insertion;0;0;0;0;0
c.483insCG;DNA;Insertion;0;0;0;0;0
c.496insTT;DNA;Insertion;0;0;0;0;0
c.499insTGAAAGAGCGATGCCTCCAGGTTGTC;DNA;Insertion;0;0;0;0;0
c.511insTC;DNA;Insertion;0;0;0;0;0
c.523insAT;DNA;Insertion;0;0;0;0;0
c.524insTT;DNA;Insertion;0;0;0;0;0
c.566insGG;DNA;Insertion;0;0;0;0;0
c.595insTG;DNA;Insertion;0;0;0;0;0
c.636insCACATCAACGGATGGG;DNA;Insertion;0;0;0;0;0
c.642insCACATCAACGGATGGGAGTTG;DNA;Insertion;0;0;0;0;0
c.13del;DNA;Single Deletion;0;0;0;0;0
c.161del;DNA;Single Deletion;0;0;0;0;0
c.163del;DNA;Single Deletion;1;0;0;0;0
c.164del;DNA;Single Deletion;0;0;0;0;0
c.166del;DNA;Single Deletion;0;0;0;0;0
c.171del;DNA;Single Deletion;0;0;0;0;0
c.172del;DNA;Single Deletion;0;0;0;0;0
c.174del;DNA;Single Deletion;0;0;0;0;0
c.176del;DNA;Single Deletion;0;0;0;0;0
c.180del;DNA;Single Deletion;1;0;0;0;0
c.183del;DNA;Single Deletion;0;0;0;0;0
c.184del;DNA;Single Deletion;0;0;0;0;0
c.189del;DNA;Single Deletion;0;0;0;0;0
c.192del;DNA;Single Deletion;0;0;0;0;0
c.193del;DNA;Single Deletion;0;0;0;0;0
c.194del;DNA;Single Deletion;0;0;0;0;0
c.196del;DNA;Single Deletion;0;0;0;0;0
c.197del;DNA;Single Deletion;0;0;0;0;0
c.200del;DNA;Single Deletion;0;0;0;0;0
c.201del;DNA;Single Deletion;0;0;0;0;0
c.204del;DNA;Single Deletion;0;0;0;0;0
c.205del;DNA;Single Deletion;0;0;0;0;0
c.207del;DNA;Single Deletion;0;0;0;0;0
c.209del;DNA;Single Deletion;0;0;0;0;0
c.213del;DNA;Single Deletion;0;0;0;0;0
c.217del;DNA;Single Deletion;0;0;0;0;0
c.218del;DNA;Single Deletion;0;0;0;0;0
c.220del;DNA;Single Deletion;0;0;0;0;0
c.221del;DNA;Single Deletion;0;0;0;0;0
c.224del;DNA;Single Deletion;0;0;0;0;0
c.227del;DNA;Single Deletion;0;0;0;0;0
c.228del;DNA;Single Deletion;0;0;0;0;0
c.233del;DNA;Single Deletion;0;0;0;0;0
c.234del;DNA;Single Deletion;0;0;0;0;0
c.235del;DNA;Single Deletion;0;0;0;0;0
c.237del;DNA;Single Deletion;0;0;0;0;0
c.242del;DNA;Single Deletion;0;0;0;0;0
c.244del;DNA;Single Deletion;0;0;0;0;0
c.247del;DNA;Single Deletion;0;0;0;0;0
c.252del;DNA;Single Deletion;0;0;0;0;0
c.253del;DNA;Single Deletion;0;0;0;0;0
c.258del;DNA;Single Deletion;0;0;0;0;0
c.260del;DNA;Single Deletion;0;0;0;0;0
c.264del;DNA;Single Deletion;0;0;0;0;0
c.269del;DNA;Single Deletion;0;0;0;0;0
c.270del;DNA;Single Deletion;0;0;0;0;0
c.272del;DNA;Single Deletion;0;0;0;0;0
c.273del;DNA;Single Deletion;0;0;0;0;0
c.275del;DNA;Single Deletion;0;0;0;0;0
c.278del;DNA;Single Deletion;0;0;0;0;0
c.281del;DNA;Single Deletion;0;0;0;0;0
c.282del;DNA;Single Deletion;0;0;0;0;0
c.285del;DNA;Single Deletion;0;0;0;0;0
c.286del;DNA;Single Deletion;0;0;0;0;0
c.287del;DNA;Single Deletion;0;0;0;0;0
c.288del;DNA;Single Deletion;0;0;0;0;0
c.291del;DNA;Single Deletion;0;0;0;0;0
c.293del;DNA;Single Deletion;0;0;0;0;0
c.296del;DNA;Single Deletion;0;0;0;0;0
c.298del;DNA;Single Deletion;0;0;0;0;0
c.299del;DNA;Single Deletion;0;0;0;0;0
c.306del;DNA;Single Deletion;0;0;0;0;0
c.308del;DNA;Single Deletion;0;0;0;0;0
c.309del;DNA;Single Deletion;0;0;0;0;0
c.311del;DNA;Single Deletion;0;0;0;0;0
c.314del;DNA;Single Deletion;0;0;0;0;0
c.317del;DNA;Single Deletion;0;0;0;0;0
c.319del;DNA;Single Deletion;0;0;0;0;0
c.320del;DNA;Single Deletion;0;0;0;0;0
c.322del;DNA;Single Deletion;0;0;0;0;0
c.324del;DNA;Single Deletion;0;0;0;0;0
c.325del;DNA;Single Deletion;0;0;0;0;0
c.328del;DNA;Single Deletion;0;0;0;0;0
c.329del;DNA;Single Deletion;0;0;0;0;0
c.330del;DNA;Single Deletion;0;0;0;0;0
c.331del;DNA;Single Deletion;1;0;0;0;0
c.333del;DNA;Single Deletion;0;0;0;0;0
c.337del;DNA;Single Deletion;0;0;0;0;0
c.343del;DNA;Single Deletion;0;0;0;0;0
c.344del;DNA;Single Deletion;1;0;0;0;0
c.346del;DNA;Single Deletion;0;0;0;0;0
c.349del;DNA;Single Deletion;0;0;0;0;0
c.351del;DNA;Single Deletion;0;0;0;0;0
c.354del;DNA;Single Deletion;0;0;0;0;0
c.356del;DNA;Single Deletion;0;0;0;0;0
c.357del;DNA;Single Deletion;0;0;0;0;0
c.359del;DNA;Single Deletion;0;0;0;0;0
c.360del;DNA;Single Deletion;0;0;0;0;0
c.361del;DNA;Single Deletion;1;0;0;0;0
c.369del;DNA;Single Deletion;0;0;0;0;0
c.370del;DNA;Single Deletion;0;0;0;0;0
c.372del;DNA;Single Deletion;0;0;0;0;0
c.373del;DNA;Single Deletion;0;0;0;0;0
c.374del;DNA;Single Deletion;0;0;0;0;0
c.375del;DNA;Single Deletion;0;0;0;0;0
c.376del;DNA;Single Deletion;0;0;0;0;0
c.378del;DNA;Single Deletion;0;0;0;0;0
c.381del;DNA;Single Deletion;0;0;0;0;0
c.382del;DNA;Single Deletion;0;0;0;0;0
c.390del;DNA;Single Deletion;0;0;0;0;0
c.392del;DNA;Single Deletion;0;0;0;0;0
c.394del;DNA;Single Deletion;0;0;0;0;0
c.397del;DNA;Single Deletion;0;0;0;0;0
c.398del;DNA;Single Deletion;0;0;0;0;0
c.399del;DNA;Single Deletion;0;0;0;0;0
c.400del;DNA;Single Deletion;0;0;0;0;0
c.402del;DNA;Single Deletion;0;0;0;0;0
c.404del;DNA;Single Deletion;0;0;0;0;0
c.405del;DNA;Single Deletion;0;0;0;0;0
c.408del;DNA;Single Deletion;0;0;0;0;0
c.409del;DNA;Single Deletion;0;0;0;0;0
c.414del;DNA;Single Deletion;0;0;0;0;0
c.415del;DNA;Single Deletion;0;0;0;0;0
c.416del;DNA;Single Deletion;0;0;0;0;0
c.417del;DNA;Single Deletion;0;0;0;0;0
c.419del;DNA;Single Deletion;0;0;0;0;0
c.420del;DNA;Single Deletion;0;0;0;0;0
c.422del;DNA;Single Deletion;0;0;0;0;0
c.423del;DNA;Single Deletion;0;0;0;0;0
c.424del;DNA;Single Deletion;0;0;0;0;0
c.426del;DNA;Single Deletion;0;0;0;0;0
c.429del;DNA;Single Deletion;0;0;0;0;0
c.431del;DNA;Single Deletion;1;0;0;0;0
c.432del;DNA;Single Deletion;0;0;0;0;0
c.434del;DNA;Single Deletion;0;0;0;0;0
c.435del;DNA;Single Deletion;0;0;0;0;0
c.437del;DNA;Single Deletion;0;0;0;0;0
c.439del;DNA;Single Deletion;0;0;0;0;0
c.444del;DNA;Single Deletion;0;0;0;0;0
c.445del;DNA;Single Deletion;0;0;0;0;0
c.447del;DNA;Single Deletion;0;0;0;0;0
c.449del;DNA;Single Deletion;0;0;0;0;0
c.450del;DNA;Single Deletion;0;0;0;0;0
c.452del;DNA;Single Deletion;0;0;0;0;0
c.454del;DNA;Single Deletion;0;0;0;0;0
c.456del;DNA;Single Deletion;0;0;0;0;0
c.457del;DNA;Single Deletion;1;0;0;0;0
c.459del;DNA;Single Deletion;0;0;0;0;0
c.461del;DNA;Single Deletion;0;0;0;0;0
c.462del;DNA;Single Deletion;1;0;0;0;0
c.464del;DNA;Single Deletion;0;0;0;0;0
c.467del;DNA;Single Deletion;0;0;0;0;0
c.469del;DNA;Single Deletion;0;0;0;0;0
c.470del;DNA;Single Deletion;0;0;0;0;0
c.471del;DNA;Single Deletion;0;0;0;0;0
c.472del;DNA;Single Deletion;0;0;0;0;0
c.473del;DNA;Single Deletion;0;0;0;0;0
c.477del;DNA;Single Deletion;0;0;0;0;0
c.480del;DNA;Single Deletion;0;0;0;0;0
c.481del;DNA;Single Deletion;0;0;0;0;0
c.482del;DNA;Single Deletion;0;0;0;0;0
c.485del;DNA;Single Deletion;0;0;0;0;0
c.487del;DNA;Single Deletion;0;0;0;0;0
c.488del;DNA;Single Deletion;0;0;0;0;0
c.493del;DNA;Single Deletion;0;0;0;0;0
c.495del;DNA;Single Deletion;0;0;0;0;0
c.499del;DNA;Single Deletion;0;0;0;0;0
c.501del;DNA;Single Deletion;0;0;0;0;0
c.503del;DNA;Single Deletion;1;0;0;0;0
c.505del;DNA;Single Deletion;0;0;0;0;0
c.506del;DNA;Single Deletion;0;0;0;0;0
c.507del;DNA;Single Deletion;0;0;0;0;0
c.509del;DNA;Single Deletion;0;0;0;0;0
c.512del;DNA;Single Deletion;0;0;0;0;0
c.513del;DNA;Single Deletion;0;0;0;0;0
c.515del;DNA;Single Deletion;0;0;0;0;0
c.521del;DNA;Single Deletion;0;0;0;0;0
c.523del;DNA;Single Deletion;0;0;0;0;0
c.524del;DNA;Single Deletion;0;0;0;0;0
c.528del;DNA;Single Deletion;1;0;0;0;0
c.529del;DNA;Single Deletion;0;0;0;0;0
c.531del;DNA;Single Deletion;0;0;0;0;0
c.532del;DNA;Single Deletion;0;0;0;0;0
c.535del;DNA;Single Deletion;0;0;0;0;0
c.536del;DNA;Single Deletion;0;0;0;0;0
c.540del;DNA;Single Deletion;0;0;0;0;0
c.541del;DNA;Single Deletion;0;0;0;0;0
c.544del;DNA;Single Deletion;0;0;0;0;0
c.546del;DNA;Single Deletion;0;0;0;0;0
c.547del;DNA;Single Deletion;0;0;0;0;0
c.553del;DNA;Single Deletion;0;0;0;0;0
c.554del;DNA;Single Deletion;0;0;0;0;0
c.555del;DNA;Single Deletion;0;0;0;0;0
c.558del;DNA;Single Deletion;0;0;0;0;0
c.559del;DNA;Single Deletion;0;0;0;0;0
c.560del;DNA;Single Deletion;0;0;0;0;0
c.561del;DNA;Single Deletion;0;0;0;0;0
c.562del;DNA;Single Deletion;0;0;0;0;0
c.563del;DNA;Single Deletion;1;0;0;0;0
c.565del;DNA;Single Deletion;0;0;0;0;0
c.567del;DNA;Single Deletion;0;0;0;0;0
c.568del;DNA;Single Deletion;0;0;0;0;0
c.572del;DNA;Single Deletion;0;0;0;0;0
c.578del;DNA;Single Deletion;0;0;0;0;0
c.588del;DNA;Single Deletion;0;0;0;0;0
c.590del;DNA;Single Deletion;0;0;0;0;0
c.592del;DNA;Single Deletion;0;0;0;0;0
c.598del;DNA;Single Deletion;0;0;0;0;0
c.607del;DNA;Single Deletion;0;0;0;0;0
c.615del;DNA;Single Deletion;0;0;0;0;0
c.161insG;DNA;Insertion;0;0;0;0;0
c.166insA;DNA;Insertion;0;0;0;0;0
c.165insA;DNA;Insertion;0;0;0;0;0
c.167insG;DNA;Insertion;0;0;0;0;0
c.175insG;DNA;Insertion;0;0;0;0;0
c.188insC;DNA;Insertion;0;0;0;0;0
c.197insG;DNA;Insertion;0;0;0;0;0
c.198insT;DNA;Insertion;0;0;0;0;0
c.199insG;DNA;Insertion;0;0;0;0;0
c.201insA;DNA;Insertion;0;0;0;0;0
c.204insC;DNA;Insertion;0;0;0;0;0
c.205insG;DNA;Insertion;0;0;0;0;0
c.215insT;DNA;Insertion;0;0;0;0;0
c.219insA;DNA;Insertion;0;0;0;0;0
c.224insA;DNA;Insertion;0;0;0;0;0
c.227insG;DNA;Insertion;0;0;0;0;0
c.226insC;DNA;Insertion;0;0;0;0;0
c.229insA;DNA;Insertion;0;0;0;0;0
c.228insT;DNA;Insertion;0;0;0;0;0
c.231insG;DNA;Insertion;0;0;0;0;0
c.234insA;DNA;Insertion;0;0;0;0;0
c.235insT;DNA;Insertion;0;0;0;0;0
c.244insG;DNA;Insertion;0;0;0;0;0
c.246insT;DNA;Insertion;0;0;0;0;0
c.258insT;DNA;Insertion;0;0;0;0;0
c.259insC;DNA;Insertion;0;0;0;0;0
c.261insT;DNA;Insertion;0;0;0;0;0
c.265insG;DNA;Insertion;0;0;0;0;0
c.273insT;DNA;Insertion;0;0;0;0;0
c.285insA;DNA;Insertion;0;0;0;0;0
c.286insG;DNA;Insertion;0;0;0;0;0
c.288insA;DNA;Insertion;0;0;0;0;0
c.292insC;DNA;Insertion;0;0;0;0;0
c.294insA;DNA;Insertion;0;0;0;0;0
c.300insT;DNA;Insertion;0;0;0;0;0
c.315insA;DNA;Insertion;0;0;0;0;0
c.323insC;DNA;Insertion;0;0;0;0;0
c.328insA;DNA;Insertion;0;0;0;0;0
c.330insA;DNA;Insertion;0;0;0;0;0
c.336insA;DNA;Insertion;0;0;0;0;0
c.342insG;DNA;Insertion;0;0;0;0;0
c.343insT;DNA;Insertion;0;0;0;0;0
c.347insC;DNA;Insertion;0;0;0;0;0
c.350insT;DNA;Insertion;0;0;0;0;0
c.352insG;DNA;Insertion;0;0;0;0;0
c.361insT;DNA;Insertion;0;0;0;0;0
c.360insG;DNA;Insertion;0;0;0;0;0
c.361insA;DNA;Insertion;0;0;0;0;0
c.363insG;DNA;Insertion;0;0;0;0;0
c.370insC;DNA;Insertion;0;0;0;0;0
c.374insT;DNA;Insertion;0;0;0;0;0
c.375insT;DNA;Insertion;0;0;0;0;0
c.375insA;DNA;Insertion;0;0;0;0;0
c.377insG;DNA;Insertion;0;0;0;0;0
c.379insT;DNA;Insertion;0;0;0;0;0
c.382insA;DNA;Insertion;0;0;0;0;0
c.382insG;DNA;Insertion;0;0;0;0;0
c.385insT;DNA;Insertion;0;0;0;0;0
c.389insG;DNA;Insertion;0;0;0;0;0
c.391insT;DNA;Insertion;0;0;0;0;0
c.393insA;DNA;Insertion;0;0;0;0;0
c.398insA;DNA;Insertion;0;0;0;0;0
c.402insT;DNA;Insertion;0;0;0;0;0
c.403insA;DNA;Insertion;0;0;0;0;0
c.405insT;DNA;Insertion;0;0;0;0;0
c.408insG;DNA;Insertion;0;0;0;0;0
c.409insT;DNA;Insertion;0;0;0;0;0
c.42insA;DNA;Insertion;0;0;0;0;0
c.417insC;DNA;Insertion;0;0;0;0;0
c.422insT;DNA;Insertion;0;0;0;0;0
c.421insC;DNA;Insertion;0;0;0;0;0
c.424insA;DNA;Insertion;0;0;0;0;0
c.423insA;DNA;Insertion;0;0;0;0;0
c.427insT;DNA;Insertion;0;0;0;0;0
c.439insT;DNA;Insertion;0;0;0;0;0
c.440insA;DNA;Insertion;0;0;0;0;0
c.444insC;DNA;Insertion;0;0;0;0;0
c.445insT;DNA;Insertion;0;0;0;0;0
c.452insC;DNA;Insertion;0;0;0;0;0
c.452insA;DNA;Insertion;0;0;0;0;0
c.456insC;DNA;Insertion;0;0;0;0;0
c.466insA;DNA;Insertion;0;0;0;0;0
c.468insA;DNA;Insertion;0;0;0;0;0
c.471insA;DNA;Insertion;0;0;0;0;0
c.472insT;DNA;Insertion;0;0;0;0;0
c.473insC;DNA;Insertion;0;0;0;0;0
c.474insT;DNA;Insertion;0;0;0;0;0
c.478insA;DNA;Insertion;0;0;0;0;0
c.481insG;DNA;Insertion;0;0;0;0;0
c.482insC;DNA;Insertion;0;0;0;0;0
c.483insG;DNA;Insertion;0;0;0;0;0
c.484insA;DNA;Insertion;0;0;0;0;0
c.491insC;DNA;Insertion;0;0;0;0;0
c.496insT;DNA;Insertion;0;0;0;0;0
c.510insA;DNA;Insertion;0;0;0;0;0
c.513insA;DNA;Insertion;0;0;0;0;0
c.516insA;DNA;Insertion;0;0;0;0;0
c.518insG;DNA;Insertion;0;0;0;0;0
c.522insA;DNA;Insertion;0;0;0;0;0
c.524insT;DNA;Insertion;0;0;0;0;0
c.525insA;DNA;Insertion;0;0;0;0;0
c.529insG;DNA;Insertion;0;0;0;0;0
c.533insC;DNA;Insertion;0;0;0;0;0
c.534insT;DNA;Insertion;0;0;0;0;0
c.536insG;DNA;Insertion;0;0;0;0;0
c.540insG;DNA;Insertion;0;0;0;0;0
c.544insT;DNA;Insertion;0;0;0;0;0
c.547insG;DNA;Insertion;0;0;0;0;0
c.548insT;DNA;Insertion;0;0;0;0;0
c.554insG;DNA;Insertion;0;0;0;0;0
c.557insG;DNA;Insertion;0;0;0;0;0
c.559insC;DNA;Insertion;0;0;0;0;0
c.564insT;DNA;Insertion;0;0;0;0;0
c.569insG;DNA;Insertion;0;0;0;0;0
c.579insA;DNA;Insertion;0;0;0;0;0
c.583insT;DNA;Insertion;0;0;0;0;0
c.597insA;DNA;Insertion;0;0;0;0;0
c.603insT;DNA;Insertion;0;0;0;0;0
c.612insA;DNA;Insertion;0;0;0;0;0
c.617insA;DNA;Insertion;0;0;0;0;0
c.619insT;DNA;Insertion;0;0;0;0;0
c.624insA;DNA;Insertion;0;0;0;0;0
c.628insA;DNA;Insertion;0;0;0;0;0
c.631insG;DNA;Insertion;0;0;0;0;0
c.638insG;DNA;Insertion;0;0;0;0;0
c.639insA;DNA;Insertion;0;0;0;0;0
c.97insG;DNA;Insertion;0;0;0;0;0
c.235insA;DNA;Insertion;0;0;0;0;0
c.286insA;DNA;Insertion;0;0;0;0;0
c.239_241del;DNA;Range Deletion;0;0;0;0;0
c.166_167del;DNA;Range Deletion;0;0;0;0;0
c.153_165del;DNA;Range Deletion;0;0;0;0;0
c.159_168del;DNA;Range Deletion;0;0;0;0;0
c.163_164del;DNA;Range Deletion;0;0;0;0;0
c.165_172del;DNA;Range Deletion;0;0;0;0;0
c.166_178del;DNA;Range Deletion;0;0;0;0;0
c.176_177del;DNA;Range Deletion;0;0;0;0;0
c.180_205del;DNA;Range Deletion;0;0;0;0;0
c.181_185del;DNA;Range Deletion;0;0;0;0;0
c.182_185del;DNA;Range Deletion;0;0;0;0;0
c.189_192del;DNA;Range Deletion;0;0;0;0;0
c.197_213del;DNA;Range Deletion;0;0;0;0;0
c.205_206del;DNA;Range Deletion;0;0;0;0;0
c.215_259del;DNA;Range Deletion;0;0;0;0;0
c.220_229del;DNA;Range Deletion;0;0;0;0;0
c.227_229del;DNA;Range Deletion;1;0;0;0;0
c.236_254del;DNA;Range Deletion;0;0;0;0;0
c.249_255del;DNA;Range Deletion;0;0;0;0;0
c.253_256del;DNA;Range Deletion;0;0;0;0;0
c.255_258del;DNA;Range Deletion;0;0;0;0;0
c.268_274del;DNA;Range Deletion;0;0;0;0;0
c.278_281del;DNA;Range Deletion;0;0;0;0;0
c.281_296del;DNA;Range Deletion;0;0;0;0;0
c.307_311del;DNA;Range Deletion;0;0;0;0;0
c.309_310del;DNA;Range Deletion;1;0;0;0;0
c.343_344del;DNA;Range Deletion;0;0;0;0;0
c.358_359del;DNA;Range Deletion;0;0;0;0;0
c.358_361del;DNA;Range Deletion;0;0;0;0;0
c.384_385del;DNA;Range Deletion;0;0;0;0;0
c.390_391del;DNA;Range Deletion;1;0;0;0;0
c.395_396del;DNA;Range Deletion;0;0;0;0;0
c.397_400del;DNA;Range Deletion;0;0;0;0;0
c.414_421del;DNA;Range Deletion;0;0;0;0;0
c.417_418del;DNA;Range Deletion;1;0;0;1;0
c.425_428del;DNA;Range Deletion;0;0;0;0;0
c.429_439del;DNA;Range Deletion;0;0;0;0;0
c.429_438del;DNA;Range Deletion;1;0;0;0;0
c.432_438del;DNA;Range Deletion;0;0;0;0;0
c.435_436del;DNA;Range Deletion;0;0;0;0;0
c.446_452del;DNA;Range Deletion;0;0;0;0;0
c.453_454del;DNA;Range Deletion;0;0;0;0;0
c.483_492del;DNA;Range Deletion;0;0;0;0;0
c.502_511del;DNA;Range Deletion;0;0;0;0;0
c.540_543del;DNA;Range Deletion;1;0;0;0;0
c.540_546del;DNA;Range Deletion;0;0;0;0;0
c.570_574del;DNA;Range Deletion;0;0;0;0;0
c.576_592del;DNA;Range Deletion;0;0;0;0;0
c.579_580del;DNA;Range Deletion;1;0;0;0;0
c.584_585del;DNA;Range Deletion;0;0;0;0;0
c.592_593del;DNA;Range Deletion;1;0;0;0;0
c.612_613del;DNA;Range Deletion;0;0;0;0;0
c.167_205del;DNA;Range Deletion;0;0;0;0;0
c.197_199del;DNA;Range Deletion;0;0;0;0;0
c.206_208del;DNA;Range Deletion;0;0;0;0;0
c.209_214del;DNA;Range Deletion;0;0;0;0;0
c.209_226del;DNA;Range Deletion;0;0;0;0;0
c.225_251del;DNA;Range Deletion;0;0;0;0;0
c.230_232del;DNA;Range Deletion;0;0;0;0;0
c.236_241del;DNA;Range Deletion;0;0;0;0;0
c.251_280del;DNA;Range Deletion;0;0;0;0;0
c.260_262del;DNA;Range Deletion;0;0;0;0;0
c.275_277del;DNA;Range Deletion;0;0;0;0;0
c.299_317del;DNA;Range Deletion;0;0;0;0;0
c.189insCT;DNA;Insertion;0;0;0;0;0
c.214insGCCC;DNA;Insertion;0;0;0;0;0
c.261insGGCTCAAC;DNA;Insertion;0;0;0;0;0
c.272insCAACT;DNA;Insertion;0;0;0;0;0
c.285insAGCCG;DNA;Insertion;0;0;0;0;0
c.296insCAAA;DNA;Insertion;0;0;0;0;0
c.315insAC;DNA;Insertion;0;0;0;1;0
c.321insTTCG;DNA;Insertion;0;0;0;0;0
c.358insAC;DNA;Insertion;1;0;0;0;0
c.370insTGCAGGA;DNA;Insertion;0;0;0;0;0
c.405insTT;DNA;Insertion;0;0;0;0;0
c.406insATTA;DNA;Insertion;0;0;0;0;0
c.429insGGAC;DNA;Insertion;0;0;0;0;0
c.435insACACA;DNA;Insertion;0;0;0;0;0
c.440_441del;DNA;Range Deletion;0;0;0;0;0
c.477insCA;DNA;Insertion;0;0;0;0;0
c.482insG;DNA;Insertion;0;0;0;0;0
c.502insTTGTTCGT;DNA;Insertion;1;0;0;0;0
c.531insCTGAGAGTAAAGCCTGAA;DNA;Insertion;1;0;0;0;0
c.592insTG;DNA;Insertion;0;0;0;0;0
c.12del;DNA;Single Deletion;0;0;0;0;0
c.162del;DNA;Single Deletion;0;0;0;0;0
c.175del;DNA;Single Deletion;1;0;0;0;0
c.179del;DNA;Single Deletion;1;0;0;0;0
c.181del;DNA;Single Deletion;0;0;0;0;0
c.185del;DNA;Single Deletion;0;0;0;0;0
c.192del ;DNA;Single Deletion;0;0;0;0;0
c.214del;DNA;Single Deletion;1;0;0;0;0
c.215del;DNA;Single Deletion;1;0;0;0;0
c.219del;DNA;Single Deletion;0;0;0;0;0
c.230del;DNA;Single Deletion;1;0;0;0;0
c.239del;DNA;Single Deletion;1;0;0;0;0
c.271del;DNA;Single Deletion;0;0;0;0;0
c.277del;DNA;Single Deletion;0;0;0;0;0
c.294del;DNA;Single Deletion;0;0;0;0;0
c.297del;DNA;Single Deletion;0;0;0;0;0
c.305del;DNA;Single Deletion;1;0;0;0;0
c.310del;DNA;Single Deletion;0;0;0;0;0
c.326del;DNA;Single Deletion;1;0;0;0;0
c.327del;DNA;Single Deletion;0;0;0;0;0
c.336del;DNA;Single Deletion;0;0;0;0;0
c.340del;DNA;Single Deletion;0;0;0;0;0
c.345del;DNA;Single Deletion;0;0;0;0;0
c.347del;DNA;Single Deletion;0;0;0;0;0
c.350del;DNA;Single Deletion;0;0;0;0;0
c.363del;DNA;Single Deletion;0;0;0;0;0
c.367del;DNA;Single Deletion;0;0;0;0;0
c.384del;DNA;Single Deletion;1;0;0;0;0
c.389del;DNA;Single Deletion;0;0;0;0;0
c.395del;DNA;Single Deletion;1;0;0;0;0
c.406del;DNA;Single Deletion;0;0;0;0;0
c.418del;DNA;Single Deletion;0;0;0;0;0
c.421del;DNA;Single Deletion;1;0;0;0;0
c.430del;DNA;Single Deletion;1;0;0;0;0
c.436del;DNA;Single Deletion;1;0;0;0;0
c.440del;DNA;Single Deletion;1;0;0;0;0
c.446del;DNA;Single Deletion;0;0;0;0;0
c.448del;DNA;Single Deletion;1;0;0;0;0
c.475del;DNA;Single Deletion;1;0;0;0;0
c.486del;DNA;Single Deletion;0;0;0;0;0
c.492del;DNA;Single Deletion;0;0;0;0;0
c.494del;DNA;Single Deletion;0;0;0;0;0
c.498del;DNA;Single Deletion;0;0;0;0;0
c.511del;DNA;Single Deletion;0;0;0;0;0
c.514del;DNA;Single Deletion;0;0;0;0;0
c.520del;DNA;Single Deletion;0;0;0;0;0
c.525del;DNA;Single Deletion;0;0;0;0;0
c.526del;DNA;Single Deletion;1;1;0;0;0
c.527del;DNA;Single Deletion;0;0;0;0;0
c.548del;DNA;Single Deletion;1;0;0;0;0
c.571del;DNA;Single Deletion;0;0;0;1;0
c.573del;DNA;Single Deletion;0;1;0;0;0
c.161insT;DNA;Insertion;0;0;1;0;0
c.328insT;DNA;Insertion;0;0;0;0;0
c.162insT;DNA;Insertion;0;0;0;0;0
c.164insG;DNA;Insertion;0;0;0;0;0
c.165insG;DNA;Insertion;0;0;0;0;0
c.167insA;DNA;Insertion;1;0;0;0;0
c.174insC;DNA;Insertion;0;0;0;0;0
c.183insC;DNA;Insertion;0;0;0;0;0
c.203insT;DNA;Insertion;0;0;0;0;0
c.219insG;DNA;Insertion;0;0;0;0;0
c.262insA;DNA;Insertion;0;0;0;0;0
c.211insT;DNA;Insertion;1;0;0;0;0
c.224insT;DNA;Insertion;0;0;0;0;0
c.227insC;DNA;Insertion;1;0;0;0;0
c.228insC;DNA;Insertion;1;1;0;0;0
c.255insC;DNA;Insertion;1;0;0;0;0
c.286insT;DNA;Insertion;0;0;0;0;0
c.331insC;DNA;Insertion;0;0;0;0;0
c.333insA;DNA;Insertion;0;0;0;0;0
c.347insT;DNA;Insertion;0;0;0;0;0
c.350insG;DNA;Insertion;0;0;0;0;0
c.352insA;DNA;Insertion;1;0;0;0;0
c.374insA;DNA;Insertion;0;0;0;0;0
c.375insC;DNA;Insertion;1;0;0;0;0
c.406insT;DNA;Insertion;0;0;0;0;0
c.407insT;DNA;Insertion;0;0;0;0;0
c.415insC;DNA;Insertion;0;0;0;0;0
c.418insC;DNA;Insertion;1;0;0;0;0
c.444insT;DNA;Insertion;0;0;0;0;0
c.443insC;DNA;Insertion;0;0;0;0;0
c.471insT;DNA;Insertion;0;0;0;0;0
c.473insT;DNA;Insertion;1;0;0;0;0
c.481insC;DNA;Insertion;0;0;0;0;0
c.485insG;DNA;Insertion;0;0;0;0;0
c.547insT;DNA;Insertion;0;0;0;0;0
c.233insTCT;DNA;Insertion;0;0;0;0;0
c.386insAGA;DNA;Insertion;1;0;0;0;0
p.G104V;Protein;Missense;0;0;0;0;0
p.K196E;Protein;Missense;0;0;0;0;0
p.P81A;Protein;Missense;0;0;0;0;0
p.R79C;Protein;Missense;0;0;0;0;0
p.D143H;Protein;Missense;0;0;0;0;0
p.D143Q;Protein;Missense;0;0;0;0;0
p.H125Y;Protein;Missense;0;0;0;0;0
p.H191P;Protein;Missense;0;0;0;0;0
p.P61A;Protein;Missense;0;0;0;0;0
p.R108H;Protein;Missense;0;0;0;0;0
p.S80Q;Protein;Missense;0;0;0;0;0
p.A50G,p.V74A;Protein;Multiple Missense;0;0;0;0;0
p.L188V,p.R200W;Protein;Multiple Missense;0;0;0;0;0
p.E51Q,p.P95R;Protein;Multiple Missense;0;0;0;0;0
p.G39S,p.P97P;Protein;Multiple Missense;0;0;0;0;0
p.P40S,p.G49C;Protein;Multiple Missense;0;0;0;0;0
p.V130L,p.R200W;Protein;Multiple Missense;0;0;0;0;0
p.P192S,p.R200W;Protein;Multiple Missense;0;0;0;0;0
p.V194V,p.R167Q;Protein;Multiple Missense;0;0;0;0;0
p.E41V,p.P61P;Protein;Multiple Missense;0;0;0;0;0
p.E37K,p.P45P;Protein;Multiple Missense;0;0;0;0;0
p.D178A,p.R182K;Protein;Multiple Missense;0;0;0;0;0
p.N178A,p.R182K;Protein;Multiple Missense;0;0;0;0;0
p.R79C,p.L188V;Protein;Multiple Missense;0;0;0;0;0
p.P81S,p.L188V;Protein;Multiple Missense;1;0;0;0;1
p.D179N,p.E204D;Protein;Multiple Missense;0;0;0;0;0
