MUTATION	SIFT_PRED	SCORE	SEQ_CONSERV	NUM_SEQ	RISK
p.A149S	AFFECT_PROTEIN_FUNCTION	0,02	3,01	36	HIGH
p.R200W	AFFECT_PROTEIN_FUNCTION	0	3,43	11	LOW
p.C162F	AFFECT_PROTEIN_FUNCTION	0	3,04	35	HIGH
p.C162R	AFFECT_PROTEIN_FUNCTION	0	3,04	35	HIGH
p.C162Y	AFFECT_PROTEIN_FUNCTION	0	3,04	35	HIGH
p.D126N	AFFECT_PROTEIN_FUNCTION	0,02	3,01	36	LOW
p.L188V	AFFECT_PROTEIN_FUNCTION	0,01	3,02	30	LOW
p.P192S	TOLERATED	0,07	3,31	15	LOW
p.D126Y	AFFECT_PROTEIN_FUNCTION	0,01	3,01	36	LOW
p.G104V	TOLERATED	0,28	3,04	35	LOW
p.G144R	TOLERATED	0,09	3,01	36	LOW
p.E186K	AFFECT_PROTEIN_FUNCTION	0,03	3,02	30	HIGH
p.H191D	TOLERATED	0,19	3,31	15	LOW
p.F119L	AFFECT_PROTEIN_FUNCTION	0,01	3,01	36	HIGH
p.K196E	AFFECT_PROTEIN_FUNCTION	0,02	3,43	11	LOW
p.F136S	AFFECT_PROTEIN_FUNCTION	0	3,01	36	HIGH
p.P138L	AFFECT_PROTEIN_FUNCTION	0	3,01	36	LOW
p.P192T	TOLERATED	0,06	3,31	15	LOW
p.G114R	AFFECT_PROTEIN_FUNCTION	0,03	3,01	36	HIGH
p.P81A	TOLERATED	0,32	3,04	35	LOW
p.R79C	TOLERATED	0,14	3,04	35	LOW
p.G93D	TOLERATED	0,26	3,04	35	HIGH
p.S183L	TOLERATED	0,05	3,02	30	LOW
p.T124A	TOLERATED	0,06	3,01	36	LOW
p.H115Q	AFFECT_PROTEIN_FUNCTION	0	3,01	36	HIGH
p.H115R	AFFECT_PROTEIN_FUNCTION	0	3,01	36	HIGH
p.V130I	TOLERATED	0,07	3,01	36	LOW
p.Y175C	TOLERATED	0,07	3,04	34	LOW
p.S68T	AFFECT_PROTEIN_FUNCTION	0,02	3,04	25	LOW
p.D143E	TOLERATED	0,76	3	35	LOW
p.I151T	AFFECT_PROTEIN_FUNCTION	0	3,01	36	HIGH
p.I180V	AFFECT_PROTEIN_FUNCTION	0,02	3,04	31	HIGH
p.D92N	TOLERATED	0,55	3,04	35	LOW
p.H115P	AFFECT_PROTEIN_FUNCTION	0	3,01	36	LOW
p.L118P	AFFECT_PROTEIN_FUNCTION	0	3,01	36	HIGH
p.L128P	AFFECT_PROTEIN_FUNCTION	0	3,01	36	HIGH
p.L128R	AFFECT_PROTEIN_FUNCTION	0	3,01	36	HIGH
p.L158P	AFFECT_PROTEIN_FUNCTION	0	3,04	35	HIGH
p.L158V	AFFECT_PROTEIN_FUNCTION	0	3,04	35	HIGH
p.L169P	AFFECT_PROTEIN_FUNCTION	0	3,04	35	HIGH
p.L178P	AFFECT_PROTEIN_FUNCTION	0	3,04	31	HIGH
p.L116V	TOLERATED	0,8	3,01	36	LOW
p.L178R	AFFECT_PROTEIN_FUNCTION	0	3,04	31	LOW
p.L184H	AFFECT_PROTEIN_FUNCTION	0	3,02	30	HIGH
p.L184P	AFFECT_PROTEIN_FUNCTION	0	3,02	30	HIGH
p.L188Q	AFFECT_PROTEIN_FUNCTION	0	3,02	30	HIGH
p.Q96H	TOLERATED	0,22	3,04	35	LOW
p.R176W	TOLERATED	0,16	3,04	34	LOW
p.L89P	AFFECT_PROTEIN_FUNCTION	0,02	3,04	36	HIGH
p.S65P	AFFECT_PROTEIN_FUNCTION	0,01	3,03	24	LOW
p.N131T	TOLERATED	0,09	3,01	36	HIGH
p.N78H	AFFECT_PROTEIN_FUNCTION	0	3,04	35	HIGH
p.N78I	AFFECT_PROTEIN_FUNCTION	0	3,04	35	HIGH
p.N78S	AFFECT_PROTEIN_FUNCTION	0	3,04	35	HIGH
p.N90I	AFFECT_PROTEIN_FUNCTION	0	3,04	35	HIGH
p.S68P	AFFECT_PROTEIN_FUNCTION	0,01	3,04	5	LOW
p.P154L	AFFECT_PROTEIN_FUNCTION	0	3,04	35	HIGH
p.V155G	AFFECT_PROTEIN_FUNCTION	0	3,04	35	LOW
p.V84L	TOLERATED	0,23	3,04	36	LOW
p.A149T	TOLERATED	0,09	3,01	36	LOW
p.D143H	TOLERATED	0,13	3	35	LOW
p.P81S	TOLERATED	0,5	3,04	35	HIGH
p.P86L	TOLERATED	0,51	3,04	36	HIGH
p.P86R	AFFECT_PROTEIN_FUNCTION	0,04	3,04	36	HIGH
p.P86S	TOLERATED	0,07	3,04	36	HIGH
p.D143Q	TOLERATED	0,49	3	35	LOW
p.Q132P	TOLERATED	0,25	3,01	36	HIGH
p.E70K	TOLERATED	0,33	3,04	35	LOW
p.F119S	AFFECT_PROTEIN_FUNCTION	0	3,01	36	LOW
p.Q96P	TOLERATED	0,19	3,04	35	HIGH
p.F76I	TOLERATED	0,05	3,04	35	LOW
p.R161G	TOLERATED	0,14	3,04	35	HIGH
p.R161Q	TOLERATED	0,19	3,04	35	HIGH
p.R167G	AFFECT_PROTEIN_FUNCTION	0,02	3,04	35	HIGH
p.R167Q	TOLERATED	0,06	3,04	35	HIGH
p.R167W	AFFECT_PROTEIN_FUNCTION	0	3,04	35	HIGH
p.G144Q	TOLERATED	0,2	3,01	36	LOW
p.H110Y	AFFECT_PROTEIN_FUNCTION	0,01	3,02	37	LOW
p.H125Y	TOLERATED	0,26	3,01	36	LOW
p.R64P	AFFECT_PROTEIN_FUNCTION	0,01	3,08	22	HIGH
p.H191P	TOLERATED	0,21	3,31	15	LOW
p.R82G	AFFECT_PROTEIN_FUNCTION	0	3,04	35	HIGH
p.I147T	TOLERATED	0,82	3,01	36	LOW
p.R82P	AFFECT_PROTEIN_FUNCTION	0	3,04	35	HIGH
p.L178Q	AFFECT_PROTEIN_FUNCTION	0	3,04	31	LOW
p.S111R	AFFECT_PROTEIN_FUNCTION	0,01	3,02	37	HIGH
p.L63P	AFFECT_PROTEIN_FUNCTION	0,01	3,04	25	LOW
p.N131S	TOLERATED	0,26	3,01	36	LOW
p.S65L	AFFECT_PROTEIN_FUNCTION	0	3,03	24	HIGH
p.P61A	AFFECT_PROTEIN_FUNCTION	0,05	3,08	23	LOW
p.S65W	AFFECT_PROTEIN_FUNCTION	0	3,03	24	HIGH
p.Q132H	TOLERATED	0,33	3,01	36	LOW
p.Q164R	TOLERATED	0,86	3,04	35	LOW
p.R108H	TOLERATED	0,05	3,04	36	LOW
p.R205C	AFFECT_PROTEIN_FUNCTION	0,03	3,43	11	LOW
p.R82L	AFFECT_PROTEIN_FUNCTION	0	3,04	35	LOW
p.S80N	AFFECT_PROTEIN_FUNCTION	0,01	3,04	35	HIGH
p.S111C	AFFECT_PROTEIN_FUNCTION	0,01	3,02	37	LOW
p.S80R	AFFECT_PROTEIN_FUNCTION	0	3,04	35	HIGH
p.S65A	TOLERATED	0,13	3,03	24	LOW
p.S68W	AFFECT_PROTEIN_FUNCTION	0	3,04	25	LOW
p.T157I	AFFECT_PROTEIN_FUNCTION	0,01	3,04	35	HIGH
p.V130F	AFFECT_PROTEIN_FUNCTION	0	3,01	36	HIGH
p.S80G	AFFECT_PROTEIN_FUNCTION	0	3,04	35	LOW
p.S80I	AFFECT_PROTEIN_FUNCTION	0	3,04	35	LOW
p.V170D	AFFECT_PROTEIN_FUNCTION	0	3,04	35	HIGH
p.S80Q	AFFECT_PROTEIN_FUNCTION	0	3,04	35	LOW
p.V170G	AFFECT_PROTEIN_FUNCTION	0	3,04	35	HIGH
p.V74G	AFFECT_PROTEIN_FUNCTION	0	3,04	35	HIGH
p.T124I	AFFECT_PROTEIN_FUNCTION	0	3,01	36	LOW
p.W117C	AFFECT_PROTEIN_FUNCTION	0	3,01	36	HIGH
p.W88R	AFFECT_PROTEIN_FUNCTION	0	3,04	36	HIGH
p.W88S	AFFECT_PROTEIN_FUNCTION	0	3,04	36	HIGH
p.V170F	AFFECT_PROTEIN_FUNCTION	0,01	3,04	35	LOW
p.Y112N	AFFECT_PROTEIN_FUNCTION	0	3,02	37	HIGH
p.Y156D	TOLERATED	0,09	3,04	35	HIGH
p.Y112H	AFFECT_PROTEIN_FUNCTION	0	3,02	37	LOW
p.Y175N	TOLERATED	0,12	3,04	34	LOW
p.Y98C	AFFECT_PROTEIN_FUNCTION	0	3,04	35	HIGH
p.Y98H	AFFECT_PROTEIN_FUNCTION	0,01	3,04	35	HIGH
p.Y98N	AFFECT_PROTEIN_FUNCTION	0,01	3,04	35	HIGH
