Mutations	Mutation_types	VHL_type	Disease	Pubmed_ID
["p.A50G", "p.V74A"]	["Missense", "Missense"]		[{"Effect": "Renal Cell Carcinoma", "Site": "Kidney"}]	["15932632"]
["p.L188V", "p.R200W"]	["Missense", "Missense"]		[{"Effect": "Polycythemia"}]	["12393546"]
["p.E51Q", "p.P95R"]	["Missense", "Missense"]		[{"Effect": "Renal Cell Carcinoma", "Site": "Kidney"}]	["15932632"]
["p.G39S", "p.P97P"]	["Missense", "Missense"]		[{"Effect": "Renal Cell Carcinoma", "Site": "Kidney"}]	["15932632"]
["p.P40S", "p.G49C"]	["Missense", "Missense"]		[{"Effect": "Renal Cell Carcinoma", "Site": "Kidney"}]	["15932632"]
["p.L188V", "p.R200W"]	["Missense", "Missense"]		[{"Effect": "Polycythemia"}]	["12393546"]
["p.E51Q", "p.P95R"]	["Missense", "Missense"]		[{"Effect": "Renal Cell Carcinoma", "Site": "Kidney"}]	["15932632"]
["p.A50G", "p.V74A"]	["Missense", "Missense"]		[{"Effect": "Renal Cell Carcinoma", "Site": "Kidney"}]	["15932632"]
["p.V130L", "p.R200W"]	["Missense", "Missense"]		[{"Effect": "Polycythemia"}]	["12844285"]
["p.P192S", "p.R200W"]	["Missense", "Missense"]		[{"Effect": "Polycythemia"}]	["12393546"]
["p.V194V", "p.R167Q"]	["Missense", "Missense"]		[{"Effect": "Renal Cell Carcinoma", "Site": "Kidney"}]	["10340905"]
["p.P192S", "p.R200W"]	["Missense", "Missense"]		[{"Effect": "Polycythemia"}]	["12393546"]
["p.E41V", "p.P61P"]	["Missense", "Missense"]		[{"Effect": "Renal Cell Carcinoma", "Site": "Kidney"}]	["15932632"]
["p.E37K", "p.P45P"]	["Missense", "Missense"]		[{"Effect": "Renal Cell Carcinoma", "Site": "Kidney"}]	["10454237"]
["p.D178A", "p.R182K"]	["Missense", "Missense"]		[{"Effect": "Carcinoma", "Site": "Colorectal"}]	["14965365"]
["p.P40S", "p.G49C"]	["Missense", "Missense"]		[{"Effect": "Renal Cell Carcinoma", "Site": "Kidney"}]	["15932632"]
["p.E37K", "p.P45P"]	["Missense", "Missense"]		[{"Effect": "Renal Cell Carcinoma", "Site": "Kidney"}]	["10454237"]
["p.N178A", "p.R182K"]	["Missense", "Missense"]		[{"Effect": "Carcinoma", "Site": "Colorectal"}]	["14965365"]
["p.R79C", "p.L188V"]	["Missense", "Missense"]			["15642680"]
["p.P81S", "p.L188V"]	["Missense", "Missense"]	1		["9829911"]
["p.D179N", "p.E204D"]	["Missense", "Missense"]		[{"Effect": "Carcinoma", "Site": "Colorectal"}]	["14965365"]
["p.G39S", "p.P97P"]	["Missense", "Missense"]		[{"Effect": "Renal Cell Carcinoma", "Site": "Kidney"}]	["15932632"]
["p.L188V", "p.R200W"]	["Missense", "Missense"]		[{"Effect": "Polycythemia"}]	["12393546"]
["p.V130L", "p.R200W"]	["Missense", "Missense"]		[{"Effect": "Polycythemia"}]	["12844285"]
["p.E51Q", "p.P95R"]	["Missense", "Missense"]		[{"Effect": "Renal Cell Carcinoma", "Site": "Kidney"}]	["15932632"]
["p.R79C", "p.L188V"]	["Missense", "Missense"]			["15642680"]
["p.P81S", "p.L188V"]	["Missense", "Missense"]	2C		["12414898"]
["p.P81S", "p.L188V"]	["Missense", "Missense"]	1		["9829911"]
["p.E41V", "p.P61P"]	["Missense", "Missense"]		[{"Effect": "Renal Cell Carcinoma", "Site": "Kidney"}]	["15932632"]
["p.P81S", "p.L188V"]	["Missense", "Missense"]	2C		["12414898"]
